"Parameter","Estimate","Posterior_SD","Lower95","Upper95","Rhat","ESS","Replicate","N","N_long","N12","N13","N23","Max_Rhat","Min_ESS","Fit_Status"
"beta0_y",1.9325287610913,0.0738633150853334,1.79107258406827,2.08053714547328,1.00004735371053,1700.45281320502,1,500,2397,250,136,121,1.00154035316607,108.89209632253,"success"
"beta1_y",0.448267326538116,0.0333788388693036,0.383009944011224,0.51210026445495,1.00004105156216,108.89209632253,1,500,2397,250,136,121,1.00154035316607,108.89209632253,"success"
"beta2_y",1.02603861907442,0.0782243578376993,0.870175191748956,1.17692508682198,1.00021384325552,1011.4516886978,1,500,2397,250,136,121,1.00154035316607,108.89209632253,"success"
"sigma_b0",1.11481197297356,0.06577029376047,0.989505555594564,1.24742575785293,1.00066460250854,3334.8860385404,1,500,2397,250,136,121,1.00154035316607,108.89209632253,"success"
"sigma_b1",0.552469569569777,0.0228717581238388,0.509753753707723,0.599446502249315,1.00002115749093,10968.2378981627,1,500,2397,250,136,121,1.00154035316607,108.89209632253,"success"
"rho",0.192096290718922,0.072721428762224,0.0477617789156706,0.332395399448348,1.00048807143207,3973.21408883849,1,500,2397,250,136,121,1.00154035316607,108.89209632253,"success"
"sigma_y",0.976422766556159,0.017033802918283,0.943808172049262,1.01044198783684,1.00023367049062,16262.7036505226,1,500,2397,250,136,121,1.00154035316607,108.89209632253,"success"
"lambda012",0.0791280833960856,0.00561914138155906,0.0685172361869422,0.0905932570866076,0.999995057699774,18052.8582688712,1,500,2397,250,136,121,1.00154035316607,108.89209632253,"success"
"lambda013",0.0345396568833944,0.00408835845172135,0.026883619922244,0.0429517426876275,1.00011463331427,13518.1757675262,1,500,2397,250,136,121,1.00154035316607,108.89209632253,"success"
"lambda023",0.0916157883183575,0.00989368812497882,0.0728061259958452,0.111579707698001,1.00000232519492,12271.7816183916,1,500,2397,250,136,121,1.00154035316607,108.89209632253,"success"
"gamma12",-0.507371181061706,0.076543645806882,-0.657385435025358,-0.357009395763285,1.00009772060466,17042.5008724309,1,500,2397,250,136,121,1.00154035316607,108.89209632253,"success"
"gamma13",0.873212715190937,0.115899598900937,0.650731551897521,1.10377052518175,1.00009396609765,10179.3460094644,1,500,2397,250,136,121,1.00154035316607,108.89209632253,"success"
"gamma23",0.510251844130183,0.129637309395123,0.260061443166107,0.766555607934585,1.00006738669683,12351.3573796073,1,500,2397,250,136,121,1.00154035316607,108.89209632253,"success"
"alpha0_12",0.308549038372832,0.0834114084400681,0.147143460811221,0.474875150863677,1.00025756830534,6839.02629615495,1,500,2397,250,136,121,1.00154035316607,108.89209632253,"success"
"alpha0_13",0.640803364392453,0.135179854173754,0.381386680896349,0.9156077857055,1.00017381691132,4131.35805926982,1,500,2397,250,136,121,1.00154035316607,108.89209632253,"success"
"alpha0_23",0.557276361937467,0.14897438267518,0.279569102761656,0.860778426969477,1.00154035316607,4940.45279737439,1,500,2397,250,136,121,1.00154035316607,108.89209632253,"success"
"alpha1_12",0.137528020864521,0.13765685330378,-0.134177260144725,0.404916353612566,1.00026974457155,10936.1375988,1,500,2397,250,136,121,1.00154035316607,108.89209632253,"success"
"alpha1_13",0.0568156307982669,0.247091457680579,-0.434574824403344,0.533147684037488,1.00060824781515,3403.85935712419,1,500,2397,250,136,121,1.00154035316607,108.89209632253,"success"
"alpha1_23",0.240495715280865,0.231211408348528,-0.216338055514332,0.690308609468925,1.00049339689436,6582.17556662801,1,500,2397,250,136,121,1.00154035316607,108.89209632253,"success"
"beta0_y",2.07176669467412,0.0687061966090643,1.93737690708168,2.20681860439301,1.00059820399322,2373.50242801153,2,500,2150,238,166,130,1.0532144208533,89.6350260902975,"success"
"beta1_y",0.55246213298869,0.0416898473007955,0.473070566375331,0.634299562940938,1.0532144208533,89.6350260902975,2,500,2150,238,166,130,1.0532144208533,89.6350260902975,"success"
"beta2_y",1.03712621021028,0.0653661222649757,0.90701186637249,1.16292963870515,1.00391496135965,1560.99497920689,2,500,2150,238,166,130,1.0532144208533,89.6350260902975,"success"
"sigma_b0",0.872654977479997,0.0662551152716574,0.744687262178599,1.00654387899496,1.0012251147793,1605.1442698278,2,500,2150,238,166,130,1.0532144208533,89.6350260902975,"success"
"sigma_b1",0.586041087647524,0.0259823564769372,0.537431919428961,0.639145284185044,1.00242750941756,4155.93007277824,2,500,2150,238,166,130,1.0532144208533,89.6350260902975,"success"
"rho",0.461271314848281,0.08026429314758,0.29889556717207,0.612261230066814,1.00113929675484,1545.71849489049,2,500,2150,238,166,130,1.0532144208533,89.6350260902975,"success"
"sigma_y",1.04622333109307,0.0193093526024683,1.00912646007528,1.08479599742385,1.00015561091582,11534.0198102465,2,500,2150,238,166,130,1.0532144208533,89.6350260902975,"success"
"lambda012",0.0850912807937173,0.00646101121967311,0.0729307425919678,0.0982377092168042,1.00183604509397,10688.5257206523,2,500,2150,238,166,130,1.0532144208533,89.6350260902975,"success"
"lambda013",0.0464880472630216,0.00527899316023744,0.0366973415750133,0.0573785274939427,1.00097819971428,8702.22262431002,2,500,2150,238,166,130,1.0532144208533,89.6350260902975,"success"
"lambda023",0.11244513840843,0.0117751292438547,0.0902057774369339,0.136650397748316,1.00105131391422,10043.0559747506,2,500,2150,238,166,130,1.0532144208533,89.6350260902975,"success"
"gamma12",-0.483150881943618,0.0745701978719291,-0.630104096719593,-0.338406964886227,1.00016496316439,15368.3084364803,2,500,2150,238,166,130,1.0532144208533,89.6350260902975,"success"
"gamma13",0.873215189814704,0.0998778454356035,0.681068170073985,1.07258727658983,1.00092447300743,8853.54447944653,2,500,2150,238,166,130,1.0532144208533,89.6350260902975,"success"
"gamma23",0.412715172129415,0.11384704777387,0.192499055312579,0.63824113950912,1.00028672792103,22257.4956076211,2,500,2150,238,166,130,1.0532144208533,89.6350260902975,"success"
"alpha0_12",0.494363420564345,0.152320145909406,0.207865298239528,0.80968517527249,1.00032015586828,3001.59483560305,2,500,2150,238,166,130,1.0532144208533,89.6350260902975,"success"
"alpha0_13",0.905294567816909,0.231531120160564,0.475638193634333,1.37879008867718,1.00359962407179,1888.35635521769,2,500,2150,238,166,130,1.0532144208533,89.6350260902975,"success"
"alpha0_23",0.474054828898841,0.226117537393767,0.0401681561813592,0.932157048294752,1.00003224380929,3303.84471074212,2,500,2150,238,166,130,1.0532144208533,89.6350260902975,"success"
"alpha1_12",0.12041545964061,0.183095019527251,-0.252514436161111,0.469540376366995,1.0007150445432,3529.91910724263,2,500,2150,238,166,130,1.0532144208533,89.6350260902975,"success"
"alpha1_13",0.2564802242337,0.312719130942182,-0.388901998412944,0.831793265167081,1.01615575887609,1540.76543995406,2,500,2150,238,166,130,1.0532144208533,89.6350260902975,"success"
"alpha1_23",0.299055928439286,0.22546481002295,-0.162089352100098,0.726335373703943,1.00091231743766,4305.63631252944,2,500,2150,238,166,130,1.0532144208533,89.6350260902975,"success"
"beta0_y",1.93308876388452,0.0686506920165787,1.79755454504684,2.06885151741022,1.00022109740585,2212.35840405514,3,500,2207,219,169,121,1.00986649211456,83.5203626649781,"success"
"beta1_y",0.547144039031031,0.0393156841208252,0.473316652655968,0.630627282502689,1.00986649211456,83.5203626649781,3,500,2207,219,169,121,1.00986649211456,83.5203626649781,"success"
"beta2_y",1.13275882299912,0.0619335514193737,1.01379016875307,1.25560987310591,1.0002757887904,1282.64948885664,3,500,2207,219,169,121,1.00986649211456,83.5203626649781,"success"
"sigma_b0",0.95366992362769,0.0662452829027596,0.82799464290349,1.08615767106235,1.00014326989654,1945.89007573037,3,500,2207,219,169,121,1.00986649211456,83.5203626649781,"success"
"sigma_b1",0.64328533740162,0.0280571688984515,0.590946225876394,0.701056308661708,1.00048050783101,5369.79009845588,3,500,2207,219,169,121,1.00986649211456,83.5203626649781,"success"
"rho",0.329844573181023,0.077211778562097,0.175735515626767,0.478189033638917,1.00033407041354,2506.91653212211,3,500,2207,219,169,121,1.00986649211456,83.5203626649781,"success"
"sigma_y",0.979810022979346,0.0181552415957013,0.945054145286715,1.01607867726668,0.999990223046408,13395.1304069004,3,500,2207,219,169,121,1.00986649211456,83.5203626649781,"success"
"lambda012",0.075808367018094,0.00583246924384424,0.0649553913989793,0.0876815258938941,1.00023330180947,15142.6526386626,3,500,2207,219,169,121,1.00986649211456,83.5203626649781,"success"
"lambda013",0.0459564717159846,0.00531301479841085,0.0359733770420305,0.0567800885425398,1.00079775986135,7815.81426354842,3,500,2207,219,169,121,1.00986649211456,83.5203626649781,"success"
"lambda023",0.109465242940205,0.0109759574001944,0.0889913242617363,0.131951023200115,1.00061521833598,12162.3408286573,3,500,2207,219,169,121,1.00986649211456,83.5203626649781,"success"
"gamma12",-0.428651500674517,0.0691621645401225,-0.565185035304293,-0.294265904379537,0.999993710450412,28293.676557917,3,500,2207,219,169,121,1.00986649211456,83.5203626649781,"success"
"gamma13",0.75650201461681,0.101846850679705,0.561307677721789,0.961571986509494,1.00025434013801,6053.26896391647,3,500,2207,219,169,121,1.00986649211456,83.5203626649781,"success"
"gamma23",0.381680535513588,0.100779944952825,0.186663300473797,0.581662513991082,1.00002081505563,33959.1211659218,3,500,2207,219,169,121,1.00986649211456,83.5203626649781,"success"
"alpha0_12",0.312775669469336,0.121055495865049,0.0830526044528398,0.559163850561822,1.00040916269527,5040.51779677255,3,500,2207,219,169,121,1.00986649211456,83.5203626649781,"success"
"alpha0_13",0.990632347546017,0.178793654010748,0.660147621703032,1.36268433819202,1.00116906954962,2460.16349203076,3,500,2207,219,169,121,1.00986649211456,83.5203626649781,"success"
"alpha0_23",0.237086166392783,0.192929529079114,-0.136384948934372,0.623605578264854,1.00010732698683,3709.95203915207,3,500,2207,219,169,121,1.00986649211456,83.5203626649781,"success"
"alpha1_12",0.243536053684752,0.144442962278378,-0.0417774657929592,0.523252357386503,1.00008711870181,7441.45297474862,3,500,2207,219,169,121,1.00986649211456,83.5203626649781,"success"
"alpha1_13",0.102117592421832,0.234199105088294,-0.37224579746813,0.544745199691121,1.00180435310878,1970.74107549377,3,500,2207,219,169,121,1.00986649211456,83.5203626649781,"success"
"alpha1_23",0.499082378779021,0.193929947036239,0.119377615523762,0.882025313028767,1.00002463582595,5871.64044758984,3,500,2207,219,169,121,1.00986649211456,83.5203626649781,"success"
"beta0_y",1.88446668898545,0.0753266536869827,1.73948296545273,2.0348572748325,1.00071761012714,1663.61545036883,4,500,2358,264,130,122,1.00857107566121,120.128647151362,"success"
"beta1_y",0.468982121412865,0.0340147531059619,0.40547276126635,0.537439823148601,1.00857107566121,120.128647151362,4,500,2358,264,130,122,1.00857107566121,120.128647151362,"success"
"beta2_y",0.931597056641063,0.0817559727871699,0.772435704290182,1.09279602949237,1.00051871025102,956.328977924367,4,500,2358,264,130,122,1.00857107566121,120.128647151362,"success"
"sigma_b0",1.04627671620337,0.0665107896402782,0.91809869696149,1.17914371775036,1.00014193937813,2286.66847071777,4,500,2358,264,130,122,1.00857107566121,120.128647151362,"success"
"sigma_b1",0.57134020608224,0.0245279980768494,0.525507594749278,0.621839694586086,1.00008759869177,5981.44511061313,4,500,2358,264,130,122,1.00857107566121,120.128647151362,"success"
"rho",0.35826761514959,0.0725277554185686,0.212049230845592,0.494701126086573,1.00002418261546,3087.22408644763,4,500,2358,264,130,122,1.00857107566121,120.128647151362,"success"
"sigma_y",0.988782211008922,0.0173794835502763,0.955077699613803,1.02354756596001,1.00004364286414,13269.4161393799,4,500,2358,264,130,122,1.00857107566121,120.128647151362,"success"
"lambda012",0.0872330708479655,0.00663353829646177,0.0747674437927058,0.100674087811046,1.00035572539098,8328.33214900118,4,500,2358,264,130,122,1.00857107566121,120.128647151362,"success"
"lambda013",0.0382723720893468,0.00442361815939063,0.0300442134159743,0.0473819536865043,1.00033791258646,11743.6515715826,4,500,2358,264,130,122,1.00857107566121,120.128647151362,"success"
"lambda023",0.0815897189827735,0.00912560440321114,0.0644149854025521,0.100299289696756,1.00085423979473,11516.08762761,4,500,2358,264,130,122,1.00857107566121,120.128647151362,"success"
"gamma12",-0.524852737382093,0.0796377799903872,-0.681474704992468,-0.369566696725156,0.999995783606593,7363.43272848346,4,500,2358,264,130,122,1.00857107566121,120.128647151362,"success"
"gamma13",0.899176927699996,0.115385923300777,0.67732872729755,1.1298967869291,1.00002085423326,11145.402725813,4,500,2358,264,130,122,1.00857107566121,120.128647151362,"success"
"gamma23",0.463975925109591,0.123173022477148,0.226243126101627,0.710000315779414,1.00008406303564,17538.669857514,4,500,2358,264,130,122,1.00857107566121,120.128647151362,"success"
"alpha0_12",0.500689717146921,0.103103533290626,0.3082738309083,0.71374373056886,1.00055964958929,4776.35101528987,4,500,2358,264,130,122,1.00857107566121,120.128647151362,"success"
"alpha0_13",0.578028377520216,0.190918534042819,0.202892868809591,0.957868314544648,1.00021596687287,2332.76455051327,4,500,2358,264,130,122,1.00857107566121,120.128647151362,"success"
"alpha0_23",0.41656453167437,0.163265945308999,0.106980841422357,0.748932091864319,1.00002565516124,4820.65113245518,4,500,2358,264,130,122,1.00857107566121,120.128647151362,"success"
"alpha1_12",0.0899727182744004,0.155167794787927,-0.22236599409744,0.385885787752328,1.00032306630178,7442.06386235522,4,500,2358,264,130,122,1.00857107566121,120.128647151362,"success"
"alpha1_13",0.557811694369926,0.307115128925913,-0.0475274176875857,1.16218985496506,1.00116325118072,2071.58688924492,4,500,2358,264,130,122,1.00857107566121,120.128647151362,"success"
"alpha1_23",0.356875734115301,0.225146138961521,-0.0918926886321533,0.794426514472167,1.00006467568549,6658.02819127271,4,500,2358,264,130,122,1.00857107566121,120.128647151362,"success"
"beta0_y",1.9463606100341,0.0678826780284502,1.8137191200491,2.07981924812316,1.00614740425146,2326.91539912957,5,500,2238,229,154,108,1.00757480698364,105.018384721555,"success"
"beta1_y",0.528323358562368,0.0357594366315144,0.458305931312941,0.599663017611204,1.00227750101696,105.018384721555,5,500,2238,229,154,108,1.00757480698364,105.018384721555,"success"
"beta2_y",1.03461306595248,0.0697268781924405,0.899626095213962,1.17351946729027,1.00179221024711,1313.48561167721,5,500,2238,229,154,108,1.00757480698364,105.018384721555,"success"
"sigma_b0",0.933425097165864,0.066233760328957,0.807338245439269,1.06715952159125,1.00757480698364,1810.30071249193,5,500,2238,229,154,108,1.00757480698364,105.018384721555,"success"
"sigma_b1",0.60188111477539,0.0264178463089406,0.552355552414171,0.655831703453711,1.00043517745443,4793.28598278425,5,500,2238,229,154,108,1.00757480698364,105.018384721555,"success"
"rho",0.354838711948587,0.0787428829990495,0.197672845920114,0.505030221924543,1.00362645915753,1837.06223359632,5,500,2238,229,154,108,1.00757480698364,105.018384721555,"success"
"sigma_y",1.00274510101794,0.0180709234429189,0.968087652447789,1.03892245291452,1.00081384869815,11849.5058411577,5,500,2238,229,154,108,1.00757480698364,105.018384721555,"success"
"lambda012",0.0784144304109723,0.00620635305796198,0.0666942108645054,0.0910464371836792,1.00018047694173,11278.4052168846,5,500,2238,229,154,108,1.00757480698364,105.018384721555,"success"
"lambda013",0.0451447408085875,0.00501118987487968,0.0358479171058041,0.0554657805676964,1.00005091430721,7855.93245696089,5,500,2238,229,154,108,1.00757480698364,105.018384721555,"success"
"lambda023",0.0811214371085698,0.0121293074778841,0.0585297739784008,0.10598625970828,1.00125046013563,5333.61554473637,5,500,2238,229,154,108,1.00757480698364,105.018384721555,"success"
"gamma12",-0.430470824741444,0.0836634664997815,-0.595699512957752,-0.268647325435033,1.00032757472273,9762.83802279604,5,500,2238,229,154,108,1.00757480698364,105.018384721555,"success"
"gamma13",0.78100844133818,0.102574483508448,0.582809092636786,0.984511023503925,1.00063417828186,8178.59891096204,5,500,2238,229,154,108,1.00757480698364,105.018384721555,"success"
"gamma23",0.512449078470632,0.141214080888273,0.235824440729267,0.788940605915393,1.00026927423185,10756.3065395159,5,500,2238,229,154,108,1.00757480698364,105.018384721555,"success"
"alpha0_12",0.640775859032408,0.150087507979894,0.366758707860312,0.957632879925537,1.00292080022473,2958.80545592808,5,500,2238,229,154,108,1.00757480698364,105.018384721555,"success"
"alpha0_13",0.776531703188254,0.170198437214913,0.450904841260606,1.1236533859343,1.00186206496991,3334.6122633532,5,500,2238,229,154,108,1.00757480698364,105.018384721555,"success"
"alpha0_23",0.985020228096341,0.239404032130216,0.534976020733841,1.4719188587188,1.00119934043211,2783.38658438735,5,500,2238,229,154,108,1.00757480698364,105.018384721555,"success"
"alpha1_12",-0.0521782422040794,0.170357765739433,-0.399996540973087,0.268036824886144,1.0003646816144,4039.28473037718,5,500,2238,229,154,108,1.00757480698364,105.018384721555,"success"
"alpha1_13",0.455994960030203,0.221898923327961,0.00949781888029662,0.879809578288869,1.00039094931199,3332.60495425913,5,500,2238,229,154,108,1.00757480698364,105.018384721555,"success"
"alpha1_23",0.436088656282412,0.255428681496539,-0.0807847028884354,0.923015272130647,1.00007789548448,4374.34623260323,5,500,2238,229,154,108,1.00757480698364,105.018384721555,"success"
"beta0_y",2.11097062575988,0.0765779377963793,1.96257428526924,2.26327914504115,1.00016306999271,1894.8161001998,6,500,2140,248,149,123,1.03069312514669,108.773041205735,"success"
"beta1_y",0.52311092201872,0.0390504376054755,0.445346798606916,0.598119831050415,1.03069312514669,108.773041205735,6,500,2140,248,149,123,1.03069312514669,108.773041205735,"success"
"beta2_y",1.08693886731481,0.0721590097959275,0.947774409913242,1.2300372334655,1.00438596926074,1207.22816682571,6,500,2140,248,149,123,1.03069312514669,108.773041205735,"success"
"sigma_b0",1.00969940406545,0.0726115858024238,0.871419769030797,1.15655299585859,1.00024924550295,1615.54184208718,6,500,2140,248,149,123,1.03069312514669,108.773041205735,"success"
"sigma_b1",0.592469979283,0.0261783989432529,0.543434094348414,0.646074399528542,1.00114259065286,6998.57317738878,6,500,2140,248,149,123,1.03069312514669,108.773041205735,"success"
"rho",0.27901759920119,0.0829651477013227,0.113733589995837,0.439410532489564,1.00002564292836,2078.70246075762,6,500,2140,248,149,123,1.03069312514669,108.773041205735,"success"
"sigma_y",1.03635375243511,0.0192120236555427,0.99969067234662,1.07497064249679,1.00017654140082,12946.6884717033,6,500,2140,248,149,123,1.03069312514669,108.773041205735,"success"
"lambda012",0.090086544576115,0.00663343940710912,0.0776529924952491,0.103627053518068,1.00011195334625,13981.6251705153,6,500,2140,248,149,123,1.03069312514669,108.773041205735,"success"
"lambda013",0.0428614545126493,0.00543132102316988,0.0326201317372723,0.0539356858437499,1.00018819112376,7024.51447326466,6,500,2140,248,149,123,1.03069312514669,108.773041205735,"success"
"lambda023",0.108241793236604,0.0122924211245083,0.0855186273081116,0.133727332047206,1.00037322556965,9449.27331769439,6,500,2140,248,149,123,1.03069312514669,108.773041205735,"success"
"gamma12",-0.498694012229359,0.0706773554292308,-0.636826775482248,-0.360006544919872,1.00056546889417,21675.8030745183,6,500,2140,248,149,123,1.03069312514669,108.773041205735,"success"
"gamma13",0.801113708578879,0.118260169743349,0.574348100710405,1.04052704597871,1.00126728395166,5615.38924851994,6,500,2140,248,149,123,1.03069312514669,108.773041205735,"success"
"gamma23",0.593709905787935,0.12522661817306,0.353692388470819,0.845206135656249,1.00087416807467,7877.88262649697,6,500,2140,248,149,123,1.03069312514669,108.773041205735,"success"
"alpha0_12",0.296344115560766,0.10495972036655,0.0920787322806329,0.50565531212335,1.00144447667371,6195.06406046738,6,500,2140,248,149,123,1.03069312514669,108.773041205735,"success"
"alpha0_13",1.07128587152534,0.187306776198664,0.725401834437656,1.46361722960313,1.00133181181953,2317.29941524974,6,500,2140,248,149,123,1.03069312514669,108.773041205735,"success"
"alpha0_23",0.803048479316758,0.215936842860253,0.41108817332415,1.25878962513707,1.00136588464081,2336.32573500061,6,500,2140,248,149,123,1.03069312514669,108.773041205735,"success"
"alpha1_12",0.133171333881909,0.135351980450226,-0.135043118308227,0.397728370576028,1.00061816116566,9929.03993072035,6,500,2140,248,149,123,1.03069312514669,108.773041205735,"success"
"alpha1_13",-0.044380502887902,0.279735369225541,-0.602397947648265,0.492455743235272,1.00106374984497,2200.01278634403,6,500,2140,248,149,123,1.03069312514669,108.773041205735,"success"
"alpha1_23",0.0660369299724579,0.250979747370914,-0.454014438643018,0.529726552551846,1.0015576976125,3233.86337838993,6,500,2140,248,149,123,1.03069312514669,108.773041205735,"success"
"beta0_y",1.94664412427732,0.0709380438791165,1.80788230529853,2.08726815074404,1.00053658056001,2120.55601094273,7,500,2331,229,155,118,1.00824818327598,86.2023138804181,"success"
"beta1_y",0.538917251861171,0.0391568093270028,0.459430235562392,0.613944891945589,1.00824818327598,86.2023138804181,7,500,2331,229,155,118,1.00824818327598,86.2023138804181,"success"
"beta2_y",1.04932991751275,0.0686031450804489,0.915546046268953,1.18477269266456,1.00065027765788,1134.87031193336,7,500,2331,229,155,118,1.00824818327598,86.2023138804181,"success"
"sigma_b0",1.05703987673533,0.0681135391894633,0.927928293877476,1.1940028482087,1.00008919757912,2406.45086822569,7,500,2331,229,155,118,1.00824818327598,86.2023138804181,"success"
"sigma_b1",0.608856806377613,0.0264955662377092,0.559381112815664,0.663265723701641,1.00009395088589,4948.41581657846,7,500,2331,229,155,118,1.00824818327598,86.2023138804181,"success"
"rho",0.356924579571329,0.0723735299597944,0.210865315127142,0.495346681596062,1.00002188995415,2869.6192681816,7,500,2331,229,155,118,1.00824818327598,86.2023138804181,"success"
"sigma_y",1.00671818559261,0.0177937584591446,0.972647762582877,1.04234132838094,1.00000746017628,14182.752688242,7,500,2331,229,155,118,1.00824818327598,86.2023138804181,"success"
"lambda012",0.0795704812552748,0.00602125282929891,0.0682776564153928,0.0918868790557159,0.999992578310956,11790.858146572,7,500,2331,229,155,118,1.00824818327598,86.2023138804181,"success"
"lambda013",0.0422927992966416,0.0049072571664018,0.0331754939784535,0.0523901901951296,1.00006761919917,7710.87593189513,7,500,2331,229,155,118,1.00824818327598,86.2023138804181,"success"
"lambda023",0.102765626127975,0.0112561568366437,0.0816987079183614,0.125985824677458,1.00024865891009,10735.4204382875,7,500,2331,229,155,118,1.00824818327598,86.2023138804181,"success"
"gamma12",-0.598164946661516,0.0744812738074547,-0.744139523948371,-0.45272802231529,1.00015129352322,16296.3151715081,7,500,2331,229,155,118,1.00824818327598,86.2023138804181,"success"
"gamma13",0.69037582066144,0.108429386654064,0.480438694331904,0.90606481583245,1.00018796699896,9246.05162545296,7,500,2331,229,155,118,1.00824818327598,86.2023138804181,"success"
"gamma23",0.554313973495387,0.113472553942161,0.335993587979323,0.782140334409441,1.00019905975234,13460.8235968883,7,500,2331,229,155,118,1.00824818327598,86.2023138804181,"success"
"alpha0_12",0.398190504059222,0.100773137375783,0.205237130701123,0.600702634600229,1.00135352156765,6883.99108381184,7,500,2331,229,155,118,1.00824818327598,86.2023138804181,"success"
"alpha0_13",0.737456541133975,0.138325307290652,0.476170960901205,1.01916020539391,1.00071678041077,4229.49228208228,7,500,2331,229,155,118,1.00824818327598,86.2023138804181,"success"
"alpha0_23",0.572753727759631,0.174595822212952,0.24638166427472,0.931821191718996,1.00097564397107,3867.32023960379,7,500,2331,229,155,118,1.00824818327598,86.2023138804181,"success"
"alpha1_12",0.138813279210034,0.144837962295852,-0.148045958225478,0.417979612040545,1.00060051451258,10514.5629391889,7,500,2331,229,155,118,1.00824818327598,86.2023138804181,"success"
"alpha1_13",0.520062981640709,0.214537323772577,0.0900839638754156,0.93455373496702,1.00140912090293,3254.06086813682,7,500,2331,229,155,118,1.00824818327598,86.2023138804181,"success"
"alpha1_23",0.132001239871394,0.225212030138816,-0.325495950448456,0.55900686614622,1.00051073271931,5696.86598573992,7,500,2331,229,155,118,1.00824818327598,86.2023138804181,"success"
"beta0_y",1.97281683173813,0.0677092483114565,1.84097870723678,2.10526292048292,1.00042398050731,2113.28113547781,8,500,2302,230,163,121,1.01974317596593,110.324638621081,"success"
"beta1_y",0.541852236188126,0.032667420366515,0.477148053922634,0.609812957310037,1.01974317596593,110.324638621081,8,500,2302,230,163,121,1.01974317596593,110.324638621081,"success"
"beta2_y",0.976632002887025,0.0649576779276221,0.851669967153059,1.10651973677954,1.00075729082575,1180.08695397957,8,500,2302,230,163,121,1.01974317596593,110.324638621081,"success"
"sigma_b0",0.979105419668237,0.0629499172066572,0.856979438838309,1.10358534508252,1.00088529837518,2199.53470228637,8,500,2302,230,163,121,1.01974317596593,110.324638621081,"success"
"sigma_b1",0.573521188170475,0.0239994794621293,0.528553343255615,0.622547628983346,1.0005930285229,8089.62857433372,8,500,2302,230,163,121,1.01974317596593,110.324638621081,"success"
"rho",0.470651809270413,0.072439726882417,0.324006574202582,0.605564722426522,1.00127745531248,1746.09747632549,8,500,2302,230,163,121,1.01974317596593,110.324638621081,"success"
"sigma_y",0.987041793408655,0.0176412788593557,0.953261096234101,1.02218056814962,1.0003675156473,12290.9266585834,8,500,2302,230,163,121,1.01974317596593,110.324638621081,"success"
"lambda012",0.076642851653277,0.00583964295355777,0.0656547580791861,0.0884293755948154,1.00001051772592,15220.8019667943,8,500,2302,230,163,121,1.01974317596593,110.324638621081,"success"
"lambda013",0.0429318191837987,0.00471215101687156,0.034130789845314,0.0525882962416084,1.00003420451029,11670.5268077065,8,500,2302,230,163,121,1.01974317596593,110.324638621081,"success"
"lambda023",0.104186290839447,0.0117344999867925,0.0821799596734241,0.128166960526756,1.0001662260051,10546.576023951,8,500,2302,230,163,121,1.01974317596593,110.324638621081,"success"
"gamma12",-0.421001359460752,0.0741514046570611,-0.566560875029095,-0.275907795584283,1.0001604346277,13326.9753398428,8,500,2302,230,163,121,1.01974317596593,110.324638621081,"success"
"gamma13",0.902722947487428,0.098368267825872,0.713943474483483,1.10096629906619,0.999994994487459,7887.53501374647,8,500,2302,230,163,121,1.01974317596593,110.324638621081,"success"
"gamma23",0.668457045846119,0.117637272310939,0.444527203805639,0.906051849903209,1.00018746602361,9599.20322129737,8,500,2302,230,163,121,1.01974317596593,110.324638621081,"success"
"alpha0_12",0.460891982555549,0.121004982700283,0.232680465884367,0.708001180384903,0.999999832791347,4743.17096639312,8,500,2302,230,163,121,1.01974317596593,110.324638621081,"success"
"alpha0_13",0.705227166875998,0.177718167706548,0.366903116144441,1.06802183914254,1.00001965906706,2297.46215394033,8,500,2302,230,163,121,1.01974317596593,110.324638621081,"success"
"alpha0_23",0.762579270863968,0.208385066591955,0.380235876066642,1.19457836144015,1.00054844543156,3150.64487407681,8,500,2302,230,163,121,1.01974317596593,110.324638621081,"success"
"alpha1_12",0.102645465801519,0.17622776540491,-0.252052728183037,0.439536504980598,1.00005419376867,6374.31678370555,8,500,2302,230,163,121,1.01974317596593,110.324638621081,"success"
"alpha1_13",0.11486697540181,0.290329388956667,-0.472184372953405,0.671941631103947,1.00088210905026,1982.61651363333,8,500,2302,230,163,121,1.01974317596593,110.324638621081,"success"
"alpha1_23",-0.335268030475974,0.27983358702428,-0.90711727110376,0.191646394575906,1.00083275883294,3742.25023109775,8,500,2302,230,163,121,1.01974317596593,110.324638621081,"success"
"beta0_y",2.0225010974919,0.070772706469573,1.88316997071918,2.16273169716516,1.00024747300281,2148.75612213315,9,500,2205,230,147,129,1.01838575590865,91.4883530570269,"success"
"beta1_y",0.51446726693315,0.0408627015667502,0.43128996390839,0.591691379176642,1.01838575590865,91.4883530570269,9,500,2205,230,147,129,1.01838575590865,91.4883530570269,"success"
"beta2_y",1.05631526843458,0.0693847222741357,0.920055345356726,1.18913838954429,1.0002827446092,1365.86018041445,9,500,2205,230,147,129,1.01838575590865,91.4883530570269,"success"
"sigma_b0",0.927042766459643,0.0683104480139831,0.794763824121211,1.0635261947441,1.00142482244438,1625.15038754758,9,500,2205,230,147,129,1.01838575590865,91.4883530570269,"success"
"sigma_b1",0.618037209939654,0.0274921632764368,0.566871330623427,0.675255212889112,1.00004464788829,3958.30068780078,9,500,2205,230,147,129,1.01838575590865,91.4883530570269,"success"
"rho",0.329723934936864,0.0779737541045572,0.174891773368045,0.479809185382679,1.00362798680217,2407.4484734651,9,500,2205,230,147,129,1.01838575590865,91.4883530570269,"success"
"sigma_y",1.02030178919659,0.0189239331430266,0.984118583283411,1.05823601537273,1.00024874595741,11062.9521722847,9,500,2205,230,147,129,1.01838575590865,91.4883530570269,"success"
"lambda012",0.0818366808038791,0.00617142933758785,0.0702296028063585,0.0944003071705408,1.00002542219628,10425.8476757434,9,500,2205,230,147,129,1.01838575590865,91.4883530570269,"success"
"lambda013",0.0409866128536894,0.00473939349591067,0.032141348272145,0.0506873058481784,1.00057190438195,11593.1476583881,9,500,2205,230,147,129,1.01838575590865,91.4883530570269,"success"
"lambda023",0.104925638272123,0.012304668077714,0.0818133355821295,0.130081025773311,1.00002352434882,7854.10487998738,9,500,2205,230,147,129,1.01838575590865,91.4883530570269,"success"
"gamma12",-0.455012867495068,0.0798213557405219,-0.612059009173775,-0.298517651880033,0.999999985420192,13932.6035409042,9,500,2205,230,147,129,1.01838575590865,91.4883530570269,"success"
"gamma13",0.785384657338257,0.106127949719415,0.580456395468996,0.996695157636514,1.0005978388455,9851.65053229959,9,500,2205,230,147,129,1.01838575590865,91.4883530570269,"success"
"gamma23",0.640548756631011,0.118526792348002,0.412096948878937,0.876918100236662,1.00022095972088,9976.89327494369,9,500,2205,230,147,129,1.01838575590865,91.4883530570269,"success"
"alpha0_12",0.504738236583489,0.134966614431741,0.247952495470245,0.779672441327178,1.00008161555692,3655.00147878728,9,500,2205,230,147,129,1.01838575590865,91.4883530570269,"success"
"alpha0_13",0.719235844630223,0.19464539197277,0.354214113682096,1.11946157376491,1.00109983691566,2482.48047330402,9,500,2205,230,147,129,1.01838575590865,91.4883530570269,"success"
"alpha0_23",0.855486232019598,0.206039358155348,0.480110391738104,1.2860460228019,1.0039981706012,3029.60293481379,9,500,2205,230,147,129,1.01838575590865,91.4883530570269,"success"
"alpha1_12",0.155944611719379,0.153576852983805,-0.152697766462852,0.450606421587226,1.00017078775109,4982.12457230837,9,500,2205,230,147,129,1.01838575590865,91.4883530570269,"success"
"alpha1_13",0.447681759136273,0.256549081871704,-0.0689681492853254,0.93356996396682,1.00020753898184,2047.45455339042,9,500,2205,230,147,129,1.01838575590865,91.4883530570269,"success"
"alpha1_23",0.0158990573329928,0.222687335358253,-0.437924342894012,0.435674544563681,1.00140358283704,4283.96962111172,9,500,2205,230,147,129,1.01838575590865,91.4883530570269,"success"
"beta0_y",2.00364981935603,0.0763765721830158,1.85354547083739,2.15359128681714,1.00068551932692,1892.66943016524,10,500,2194,223,161,118,1.08574519684776,118.37261293922,"success"
"beta1_y",0.452438922012256,0.0361639382245197,0.380124005622968,0.518800781152457,1.08574519684776,118.37261293922,10,500,2194,223,161,118,1.08574519684776,118.37261293922,"success"
"beta2_y",1.02046947252751,0.0682868624947842,0.886276302945493,1.15424421880629,1.00097366613256,1263.49245221567,10,500,2194,223,161,118,1.08574519684776,118.37261293922,"success"
"sigma_b0",1.05557087564537,0.0705842636330981,0.919071105420531,1.19630130686904,1.00207724472441,2198.60071544125,10,500,2194,223,161,118,1.08574519684776,118.37261293922,"success"
"sigma_b1",0.569713713541682,0.0242942800246544,0.524319063592069,0.61964920962736,1.00094721318639,8502.53210898558,10,500,2194,223,161,118,1.08574519684776,118.37261293922,"success"
"rho",0.194760975390615,0.0816680547924178,0.0343571149901746,0.353179444158068,1.00665205652093,2805.11145300928,10,500,2194,223,161,118,1.08574519684776,118.37261293922,"success"
"sigma_y",1.02935166377073,0.0189626280969076,0.99289875002358,1.06730872297432,1.00015759170341,11596.9262650349,10,500,2194,223,161,118,1.08574519684776,118.37261293922,"success"
"lambda012",0.0700083304195032,0.00551214956320379,0.0596261721761166,0.0812030945309992,1.00084445395277,14732.581958175,10,500,2194,223,161,118,1.08574519684776,118.37261293922,"success"
"lambda013",0.0425973246878315,0.00499434233608059,0.0331850168227024,0.0527076932299154,1.00016173757704,7924.12136514381,10,500,2194,223,161,118,1.08574519684776,118.37261293922,"success"
"lambda023",0.11954939005189,0.0126023326098511,0.0961180816316317,0.145566282423761,1.00248154362192,15101.00421351,10,500,2194,223,161,118,1.08574519684776,118.37261293922,"success"
"gamma12",-0.482939880948381,0.0716738774221537,-0.623767734576207,-0.341922724355539,1.00015689186943,23594.8777490688,10,500,2194,223,161,118,1.08574519684776,118.37261293922,"success"
"gamma13",0.738959185315336,0.105033820010067,0.537474938923348,0.949726855129963,1.00009047841136,6667.8719768146,10,500,2194,223,161,118,1.08574519684776,118.37261293922,"success"
"gamma23",0.470688657991361,0.109330837060645,0.259298833729339,0.6890177134405,1.00006538320944,24294.5136551105,10,500,2194,223,161,118,1.08574519684776,118.37261293922,"success"
"alpha0_12",0.279878240486295,0.104708314405967,0.0806334818589947,0.493625116882609,1.00017178296741,4099.9453141697,10,500,2194,223,161,118,1.08574519684776,118.37261293922,"success"
"alpha0_13",0.911187883120143,0.153179427600372,0.624326299870114,1.22922868952713,1.00021505326451,2928.28491716112,10,500,2194,223,161,118,1.08574519684776,118.37261293922,"success"
"alpha0_23",0.291337255511305,0.172668447794628,-0.0342701123904278,0.647559521167896,1.00112019242825,4062.77948671899,10,500,2194,223,161,118,1.08574519684776,118.37261293922,"success"
"alpha1_12",0.288594952064543,0.153720873720287,-0.0159545846405573,0.587112543919827,1.00007122555719,7005.2680668254,10,500,2194,223,161,118,1.08574519684776,118.37261293922,"success"
"alpha1_13",0.0902654647139119,0.259582524842228,-0.422772716055066,0.597886473257579,1.00679020241565,2061.91632671878,10,500,2194,223,161,118,1.08574519684776,118.37261293922,"success"
"alpha1_23",0.558638996064313,0.218291020941617,0.128582781953331,0.98650724129555,1.00134798384782,6648.50115507188,10,500,2194,223,161,118,1.08574519684776,118.37261293922,"success"
"beta0_y",1.93730204884964,0.0720277782554999,1.79570067669235,2.07942629950428,1.000000179411,2160.40394185795,11,500,2213,232,151,136,1.00556037603793,133.850712469128,"success"
"beta1_y",0.50601261445402,0.0337985050120282,0.432381341248977,0.568221930858106,1.00556037603793,133.850712469128,11,500,2213,232,151,136,1.00556037603793,133.850712469128,"success"
"beta2_y",0.997519551847902,0.068378830536553,0.864061679093194,1.13092764513104,1.00319631160822,1215.92283430148,11,500,2213,232,151,136,1.00556037603793,133.850712469128,"success"
"sigma_b0",1.00006067612628,0.0667677246846188,0.872655270095853,1.13620713681198,1.00138834418503,2520.33684421006,11,500,2213,232,151,136,1.00556037603793,133.850712469128,"success"
"sigma_b1",0.57779490080392,0.0245286744556682,0.532020935462194,0.628065879272959,1.0010592814905,8463.93412363231,11,500,2213,232,151,136,1.00556037603793,133.850712469128,"success"
"rho",0.212951022890847,0.0762745042853819,0.0615528118864152,0.359627971238887,1.00237049376298,3634.68120871407,11,500,2213,232,151,136,1.00556037603793,133.850712469128,"success"
"sigma_y",1.00067267558362,0.0183833530907299,0.965354917004247,1.03744955940032,1.00002865125621,14689.5370902725,11,500,2213,232,151,136,1.00556037603793,133.850712469128,"success"
"lambda012",0.0751694267755269,0.00552172535219828,0.0646665337182902,0.0863401497666166,1.00001272925303,17673.0672097481,11,500,2213,232,151,136,1.00556037603793,133.850712469128,"success"
"lambda013",0.0376916568222787,0.00436972070897984,0.0295191528508854,0.0465884176559564,1.00006801488253,12391.3321834029,11,500,2213,232,151,136,1.00556037603793,133.850712469128,"success"
"lambda023",0.113836948519823,0.0118581197184029,0.0914325041855621,0.137922028387867,1.00002631821645,10925.4873696814,11,500,2213,232,151,136,1.00556037603793,133.850712469128,"success"
"gamma12",-0.486521507131776,0.0727339426192334,-0.629659024812551,-0.344109438438386,1.00024469418813,19313.526456759,11,500,2213,232,151,136,1.00556037603793,133.850712469128,"success"
"gamma13",0.846279943641854,0.106576123818674,0.639952034878041,1.05839177411921,1.00011443694616,10199.5410729716,11,500,2213,232,151,136,1.00556037603793,133.850712469128,"success"
"gamma23",0.372172017510384,0.103999214110717,0.167347850051022,0.576114179284323,1.00014400965515,19276.7572112877,11,500,2213,232,151,136,1.00556037603793,133.850712469128,"success"
"alpha0_12",0.325267042460824,0.106047935227019,0.122587947929431,0.538657106746257,1.00030966204818,5437.29826340851,11,500,2213,232,151,136,1.00556037603793,133.850712469128,"success"
"alpha0_13",0.662927996451579,0.151981722213757,0.37247136991831,0.9719417411981,1.00000460693509,3425.13205753263,11,500,2213,232,151,136,1.00556037603793,133.850712469128,"success"
"alpha0_23",0.464617340551881,0.137120357345929,0.207445786878153,0.745661025105029,1.00092724437796,5967.22072832717,11,500,2213,232,151,136,1.00556037603793,133.850712469128,"success"
"alpha1_12",0.172360478351532,0.151972832875995,-0.130693006612574,0.463743940822129,1.00011953128114,8355.66172463105,11,500,2213,232,151,136,1.00556037603793,133.850712469128,"success"
"alpha1_13",0.283546600335752,0.22108782731765,-0.172576394034299,0.690987900227583,1.00032361737142,2614.12934850184,11,500,2213,232,151,136,1.00556037603793,133.850712469128,"success"
"alpha1_23",0.526237380446691,0.195844783851041,0.133827004647494,0.904635542388155,1.00010001353148,9035.72094296509,11,500,2213,232,151,136,1.00556037603793,133.850712469128,"success"
"beta0_y",1.98235166243388,0.0730235665580235,1.83816872948954,2.12490675214191,1.00051224166116,1981.31094310597,12,500,2068,226,153,139,1.01163856978049,121.289006728905,"success"
"beta1_y",0.557329378306477,0.035650923541073,0.491185976152878,0.627230436082498,1.00859835116224,121.289006728905,12,500,2068,226,153,139,1.01163856978049,121.289006728905,"success"
"beta2_y",1.00049769795996,0.0725354641661901,0.859337433296727,1.14410083913656,1.01163856978049,1268.6707495063,12,500,2068,226,153,139,1.01163856978049,121.289006728905,"success"
"sigma_b0",1.00457192467269,0.0677110542694589,0.874223919347951,1.13982181904122,1.00055863336686,2133.55990826909,12,500,2068,226,153,139,1.01163856978049,121.289006728905,"success"
"sigma_b1",0.572861254724713,0.0261396973736146,0.52402859121585,0.626585171170483,1.00026736326419,4522.6209922721,12,500,2068,226,153,139,1.01163856978049,121.289006728905,"success"
"rho",0.260962513132317,0.0776696076614511,0.105661109678398,0.411228900719106,1.00120969960934,2944.46365436613,12,500,2068,226,153,139,1.01163856978049,121.289006728905,"success"
"sigma_y",0.997147793154472,0.0188685176619337,0.960922855772662,1.0351133500574,1.00004551914969,12482.9302905831,12,500,2068,226,153,139,1.01163856978049,121.289006728905,"success"
"lambda012",0.0843611131512276,0.00681317685095325,0.0715985066085773,0.0981645468650639,1.00000734842183,11091.4943283575,12,500,2068,226,153,139,1.01163856978049,121.289006728905,"success"
"lambda013",0.0463269658686157,0.00534362313830823,0.0364259680731679,0.0573917167650431,1.00037651328165,9744.10409508723,12,500,2068,226,153,139,1.01163856978049,121.289006728905,"success"
"lambda023",0.124218659015699,0.0135175170008464,0.0986783763804431,0.151773970400378,1.0003609640045,7330.91163498063,12,500,2068,226,153,139,1.01163856978049,121.289006728905,"success"
"gamma12",-0.559521251000688,0.0806126660652234,-0.719769378540723,-0.402110710501064,1.00204444949257,7687.42575996533,12,500,2068,226,153,139,1.01163856978049,121.289006728905,"success"
"gamma13",0.821280408676685,0.102873086155795,0.623861391265714,1.02550079724008,1.00180126945756,8399.96037650476,12,500,2068,226,153,139,1.01163856978049,121.289006728905,"success"
"gamma23",0.5785918999576,0.113872503164659,0.35584211917813,0.803904000672536,1.00122009913132,14138.6780422227,12,500,2068,226,153,139,1.01163856978049,121.289006728905,"success"
"alpha0_12",0.597076276765721,0.132558424777945,0.349694417740679,0.867971334050838,1.00015339726969,3163.45400129645,12,500,2068,226,153,139,1.01163856978049,121.289006728905,"success"
"alpha0_13",0.760276555646859,0.156301069666814,0.464186997359258,1.07822067219171,1.00099762358465,2964.86355103881,12,500,2068,226,153,139,1.01163856978049,121.289006728905,"success"
"alpha0_23",0.595073950966729,0.157257965406669,0.297901626734971,0.91517616694131,1.00016878880408,4442.02862680928,12,500,2068,226,153,139,1.01163856978049,121.289006728905,"success"
"alpha1_12",-0.0479235132802992,0.18281378511569,-0.41504260052445,0.303030575784287,1.00009481818048,4240.38266216573,12,500,2068,226,153,139,1.01163856978049,121.289006728905,"success"
"alpha1_13",0.504503815013226,0.260502251260328,-0.0251894312186372,1.00136563255152,1.00287350270963,2431.13164090357,12,500,2068,226,153,139,1.01163856978049,121.289006728905,"success"
"alpha1_23",0.415370177707197,0.20400842536364,0.00912677469734846,0.808478662928183,1.00044174220406,5546.4504382261,12,500,2068,226,153,139,1.01163856978049,121.289006728905,"success"
"beta0_y",2.02360826548915,0.0682480555440353,1.89084316340804,2.15825855309528,1.00143975730717,2383.93275500352,13,500,2213,237,147,125,1.00212969199815,94.0667847204902,"success"
"beta1_y",0.498356258560747,0.0373881824247529,0.425559556272414,0.575704473706055,1.00143055077144,94.0667847204902,13,500,2213,237,147,125,1.00212969199815,94.0667847204902,"success"
"beta2_y",0.846665536465068,0.0614262566824229,0.726734693679685,0.968097946052487,1.00022867033044,1387.84776232111,13,500,2213,237,147,125,1.00212969199815,94.0667847204902,"success"
"sigma_b0",0.890475615070309,0.0658402973812128,0.764566036481579,1.02306466936461,1.00019593409299,1714.15268588673,13,500,2213,237,147,125,1.00212969199815,94.0667847204902,"success"
"sigma_b1",0.593231222288826,0.0253647709110218,0.54588915870211,0.644824397074803,1.00004305465944,8175.90875373869,13,500,2213,237,147,125,1.00212969199815,94.0667847204902,"success"
"rho",0.294579631663482,0.0832925166223522,0.129368382015665,0.455324154619762,1.00037108673872,2191.66701766932,13,500,2213,237,147,125,1.00212969199815,94.0667847204902,"success"
"sigma_y",1.00850493521646,0.0184959943656799,0.973198565663716,1.04539393838622,1.0003083810785,11083.6324343185,13,500,2213,237,147,125,1.00212969199815,94.0667847204902,"success"
"lambda012",0.0829264315615092,0.00630975626181979,0.0710192770547116,0.0957497407990753,1.00000442566526,14618.3740189668,13,500,2213,237,147,125,1.00212969199815,94.0667847204902,"success"
"lambda013",0.0420954523149515,0.00482574997161976,0.0329950002619347,0.0518882022101999,1.00005150468282,11565.7009193887,13,500,2213,237,147,125,1.00212969199815,94.0667847204902,"success"
"lambda023",0.106582569469681,0.0121317369677982,0.0838582629282533,0.131245231724894,1.0000532075342,8791.24042390989,13,500,2213,237,147,125,1.00212969199815,94.0667847204902,"success"
"gamma12",-0.54025532660329,0.0734175124329987,-0.683684634015084,-0.39654524818588,1.00002629701019,14740.9472344455,13,500,2213,237,147,125,1.00212969199815,94.0667847204902,"success"
"gamma13",0.750531478861657,0.101851947648996,0.553522784005498,0.954168288886863,1.00001289090638,11057.0098658149,13,500,2213,237,147,125,1.00212969199815,94.0667847204902,"success"
"gamma23",0.686792861331683,0.110533722151278,0.470912754375044,0.904978909029218,1.00003325421094,14515.4837475644,13,500,2213,237,147,125,1.00212969199815,94.0667847204902,"success"
"alpha0_12",0.505586735512048,0.135262611403844,0.250889328956659,0.78281794124252,1.00042437878326,4081.51908933686,13,500,2213,237,147,125,1.00212969199815,94.0667847204902,"success"
"alpha0_13",0.797330776054747,0.195589802977564,0.433123918139182,1.20437066583329,1.00201741998016,2518.29378563794,13,500,2213,237,147,125,1.00212969199815,94.0667847204902,"success"
"alpha0_23",0.689034002725021,0.220564589427633,0.279578809275068,1.14344737373945,1.00052700224195,2724.65750498198,13,500,2213,237,147,125,1.00212969199815,94.0667847204902,"success"
"alpha1_12",0.0422620515052812,0.154121012916048,-0.266455601231825,0.339191883032809,1.00002028741883,6423.02910680426,13,500,2213,237,147,125,1.00212969199815,94.0667847204902,"success"
"alpha1_13",-0.037764375609044,0.279276719638698,-0.600214467813238,0.50426455674531,1.00212969199815,2156.28695790078,13,500,2213,237,147,125,1.00212969199815,94.0667847204902,"success"
"alpha1_23",0.360198002764625,0.23290259146498,-0.102071445641053,0.813788668957511,1.00012803527067,4081.54619157122,13,500,2213,237,147,125,1.00212969199815,94.0667847204902,"success"
"beta0_y",2.04372052755716,0.0677969528174538,1.91237433639141,2.17963822801085,1.00056077299375,2224.42457049109,14,500,2235,227,157,124,1.04466033607084,98.8517739275383,"success"
"beta1_y",0.539360900227907,0.0373209559027078,0.463190577369818,0.610470920558641,1.04466033607084,98.8517739275383,14,500,2235,227,157,124,1.04466033607084,98.8517739275383,"success"
"beta2_y",0.984780774149607,0.0603070897762426,0.866940297520328,1.10305820325426,1.00412882575648,1357.14167577281,14,500,2235,227,157,124,1.04466033607084,98.8517739275383,"success"
"sigma_b0",0.879149459915916,0.0678642861581766,0.747729741069707,1.01403229472737,1.0020220953088,1516.51836998135,14,500,2235,227,157,124,1.04466033607084,98.8517739275383,"success"
"sigma_b1",0.583946087306148,0.0255382502497443,0.536272590906985,0.636108965638381,1.00127153323709,5224.89117987791,14,500,2235,227,157,124,1.04466033607084,98.8517739275383,"success"
"rho",0.295464310419927,0.0841400880930852,0.129192302060799,0.457613812523605,1.00307262985985,2068.37457603511,14,500,2235,227,157,124,1.04466033607084,98.8517739275383,"success"
"sigma_y",1.00714714689264,0.0186082338141489,0.971433826526189,1.04426072664771,1.0002029236519,8473.40307609161,14,500,2235,227,157,124,1.04466033607084,98.8517739275383,"success"
"lambda012",0.0788948619049507,0.00606642155123979,0.0674359473115088,0.0912534302592607,1.0002910898062,11865.062533753,14,500,2235,227,157,124,1.04466033607084,98.8517739275383,"success"
"lambda013",0.0425173924834685,0.0047701665059592,0.0336171584988791,0.0522574608952883,1.00030699193086,13482.5686435533,14,500,2235,227,157,124,1.04466033607084,98.8517739275383,"success"
"lambda023",0.105582728238025,0.010978572756652,0.0849845058225721,0.128028032133284,1.00072069037464,14298.4200879784,14,500,2235,227,157,124,1.04466033607084,98.8517739275383,"success"
"gamma12",-0.422038054396371,0.0682311595310927,-0.555825241045738,-0.288131581481589,1.00010683610098,13202.17476127,14,500,2235,227,157,124,1.04466033607084,98.8517739275383,"success"
"gamma13",0.78774700529776,0.100167599940082,0.594405055074704,0.987928098806657,1.00021677580757,9668.77642411406,14,500,2235,227,157,124,1.04466033607084,98.8517739275383,"success"
"gamma23",0.453346713329607,0.0893231229670986,0.278863465283101,0.62996446227992,1.00019573032197,16407.758742831,14,500,2235,227,157,124,1.04466033607084,98.8517739275383,"success"
"alpha0_12",0.543159046862211,0.132036600964398,0.296217205062551,0.815084051019213,1.00008673531103,4411.60268080262,14,500,2235,227,157,124,1.04466033607084,98.8517739275383,"success"
"alpha0_13",0.80785420463118,0.239656968884393,0.353543840430103,1.29017936494752,1.00038811688093,1592.24802277959,14,500,2235,227,157,124,1.04466033607084,98.8517739275383,"success"
"alpha0_23",0.500419812035157,0.179902282088741,0.149138594816775,0.862389698268809,1.00020101486163,5120.02813352895,14,500,2235,227,157,124,1.04466033607084,98.8517739275383,"success"
"alpha1_12",0.0533933934297536,0.149355505768972,-0.245603446993543,0.341874990568232,1.00022229166354,7688.62228099012,14,500,2235,227,157,124,1.04466033607084,98.8517739275383,"success"
"alpha1_13",0.287846262160375,0.293947070187513,-0.316984890460554,0.83723597387487,1.00700821323937,1328.75099650371,14,500,2235,227,157,124,1.04466033607084,98.8517739275383,"success"
"alpha1_23",0.353866660632991,0.205252839274239,-0.0470298003516624,0.757580443560047,1.00112285555512,7812.85233267123,14,500,2235,227,157,124,1.04466033607084,98.8517739275383,"success"
"beta0_y",1.89343567208277,0.0725238097808634,1.7527514094374,2.03524591967014,1.00009828391426,2149.45970687968,15,500,2171,252,141,148,1.01548868197969,142.141199228145,"success"
"beta1_y",0.559367014521763,0.0335777136146637,0.496125030537114,0.627095650332187,1.01548868197969,142.141199228145,15,500,2171,252,141,148,1.01548868197969,142.141199228145,"success"
"beta2_y",0.900635353228073,0.0720950516732589,0.757332963146615,1.04183198203122,1.00014538394765,1331.59693096058,15,500,2171,252,141,148,1.01548868197969,142.141199228145,"success"
"sigma_b0",1.0229825794206,0.0659624792396749,0.896702332276917,1.15540270392786,1.00003011522902,2706.2829843321,15,500,2171,252,141,148,1.01548868197969,142.141199228145,"success"
"sigma_b1",0.578642185891925,0.0250115582646382,0.531594060857001,0.629700615470661,1.0006370111133,8246.08585454272,15,500,2171,252,141,148,1.01548868197969,142.141199228145,"success"
"rho",0.264540599877474,0.0749584912482496,0.115850557840556,0.408229012983012,1.00006784654025,3515.10584626471,15,500,2171,252,141,148,1.01548868197969,142.141199228145,"success"
"sigma_y",1.00561941649932,0.0186824247508541,0.969765625793727,1.04300541109246,1.00006077944718,14240.047997283,15,500,2171,252,141,148,1.01548868197969,142.141199228145,"success"
"lambda012",0.0899340843752405,0.00643222918597055,0.0777614510910491,0.103032473971519,1.00050701807637,10089.7820560865,15,500,2171,252,141,148,1.01548868197969,142.141199228145,"success"
"lambda013",0.0414696031484931,0.00454488200187397,0.0330191114262207,0.0507503369871849,1.00031393076456,15966.8545937374,15,500,2171,252,141,148,1.01548868197969,142.141199228145,"success"
"lambda023",0.112900215335217,0.0118394468441061,0.090804341716657,0.13727100960941,1.00053930006547,9143.93158204823,15,500,2171,252,141,148,1.01548868197969,142.141199228145,"success"
"gamma12",-0.472964603063136,0.0733553990133436,-0.617462847481215,-0.329427954596882,0.9999945110954,18869.0969709495,15,500,2171,252,141,148,1.01548868197969,142.141199228145,"success"
"gamma13",0.874758781054164,0.107295074854661,0.665713644771612,1.08680028644362,1.00004552879866,20679.6804260927,15,500,2171,252,141,148,1.01548868197969,142.141199228145,"success"
"gamma23",0.319574391295987,0.10706071218374,0.110619023598414,0.529441518728897,0.999992452271132,11941.6588810637,15,500,2171,252,141,148,1.01548868197969,142.141199228145,"success"
"alpha0_12",0.313595710242778,0.098523392056524,0.124153863375394,0.513241224952096,1.00026367601509,5869.81957452126,15,500,2171,252,141,148,1.01548868197969,142.141199228145,"success"
"alpha0_13",0.396322126161958,0.159570225111698,0.0853370173964843,0.713840681056185,1.00028531018873,3358.95784533213,15,500,2171,252,141,148,1.01548868197969,142.141199228145,"success"
"alpha0_23",0.651910377520363,0.128103540212323,0.408066643076297,0.912258408521999,1.00045921729325,6930.01590985456,15,500,2171,252,141,148,1.01548868197969,142.141199228145,"success"
"alpha1_12",0.383443659082404,0.142470032069818,0.0987273769661735,0.659171863282361,1.0002146957356,8364.82072766902,15,500,2171,252,141,148,1.01548868197969,142.141199228145,"success"
"alpha1_13",0.473260367800538,0.228530993543646,0.00468627881169409,0.901377463538537,1.0011958605171,3778.79101123654,15,500,2171,252,141,148,1.01548868197969,142.141199228145,"success"
"alpha1_23",0.27572806390751,0.190076482038346,-0.112400398614017,0.636660501019561,1.00059223537073,9044.83809652258,15,500,2171,252,141,148,1.01548868197969,142.141199228145,"success"
"beta0_y",1.98088910060153,0.0727499205875855,1.8394901375376,2.12440656560813,1.00008220536325,1890.61926345513,16,500,2315,232,141,129,1.07396917906181,94.1511405738036,"success"
"beta1_y",0.4993118934843,0.0364852317007368,0.425570052957611,0.569503697012596,1.07396917906181,94.1511405738036,16,500,2315,232,141,129,1.07396917906181,94.1511405738036,"success"
"beta2_y",1.07946091317141,0.071346186119483,0.94089627375826,1.21750005644231,1.00666255539667,1068.56820080892,16,500,2315,232,141,129,1.07396917906181,94.1511405738036,"success"
"sigma_b0",1.0824872937565,0.0680220216028186,0.95233939160656,1.21890222487076,1.00003745952927,2339.80284459139,16,500,2315,232,141,129,1.07396917906181,94.1511405738036,"success"
"sigma_b1",0.539236218056183,0.0236529689965118,0.495132589137409,0.587801150474981,1.00430288532426,5612.22919492205,16,500,2315,232,141,129,1.07396917906181,94.1511405738036,"success"
"rho",0.36559924592565,0.0740636293195652,0.218603826108644,0.508492037933515,1.00044857607283,2337.87984023127,16,500,2315,232,141,129,1.07396917906181,94.1511405738036,"success"
"sigma_y",1.00084603278232,0.0178322458168183,0.966802858388717,1.03671325556199,1.00002417321783,13469.441640934,16,500,2315,232,141,129,1.07396917906181,94.1511405738036,"success"
"lambda012",0.0718654679393493,0.00561110351719604,0.0613101946202875,0.0833500989717627,1.00002359244364,11898.0491809811,16,500,2315,232,141,129,1.07396917906181,94.1511405738036,"success"
"lambda013",0.0371534791677118,0.00428448288822744,0.0292045560825859,0.0459460283189153,1.00177128776216,8494.26826952889,16,500,2315,232,141,129,1.07396917906181,94.1511405738036,"success"
"lambda023",0.107353804320023,0.0135031239174969,0.082058288078668,0.134841691871331,1.00062057130157,7149.46419391258,16,500,2315,232,141,129,1.07396917906181,94.1511405738036,"success"
"gamma12",-0.448567379412041,0.0773741340796527,-0.601094021116304,-0.297326733845705,1.00044368265615,10035.2292062674,16,500,2315,232,141,129,1.07396917906181,94.1511405738036,"success"
"gamma13",0.803020588459007,0.100238400296341,0.608551693311936,1.00097261741001,1.00024163755115,10234.6854947618,16,500,2315,232,141,129,1.07396917906181,94.1511405738036,"success"
"gamma23",0.524802008919093,0.121072698968578,0.294192447908358,0.768675435086391,1.00371664165209,7256.95579614471,16,500,2315,232,141,129,1.07396917906181,94.1511405738036,"success"
"alpha0_12",0.492016768226212,0.111314803640278,0.282024639831273,0.721617312339404,1.00069031349573,3772.79867742934,16,500,2315,232,141,129,1.07396917906181,94.1511405738036,"success"
"alpha0_13",0.58354898688467,0.162684261453386,0.270932318867542,0.909188841727908,1.00334163551318,3017.31391706876,16,500,2315,232,141,129,1.07396917906181,94.1511405738036,"success"
"alpha0_23",0.860255275564454,0.180706705661696,0.521852818241363,1.23114843719517,1.00347759565406,3392.01352462501,16,500,2315,232,141,129,1.07396917906181,94.1511405738036,"success"
"alpha1_12",-0.138776017558811,0.185693440617909,-0.511935897048069,0.216680041108272,1.00109652435642,5464.21550192169,16,500,2315,232,141,129,1.07396917906181,94.1511405738036,"success"
"alpha1_13",0.72324644083714,0.30181575417141,0.124060389481385,1.30511446222016,1.00893441265767,1975.11516368823,16,500,2315,232,141,129,1.07396917906181,94.1511405738036,"success"
"alpha1_23",-0.239423998147728,0.260326533998905,-0.771012352536087,0.256103564540008,1.00742242780462,4525.19336780373,16,500,2315,232,141,129,1.07396917906181,94.1511405738036,"success"
"beta0_y",2.14213868587316,0.0770914842888076,1.99311623031059,2.29668980551316,1.00001567566282,1859.40422689723,17,500,2222,237,138,129,1.00138914573687,121.645289576436,"success"
"beta1_y",0.528191071784417,0.0347256645503391,0.462591155598943,0.597625160231575,1.00061565301843,121.645289576436,17,500,2222,237,138,129,1.00138914573687,121.645289576436,"success"
"beta2_y",1.00330144398565,0.0675940505495847,0.873223223572196,1.13648901988556,1.00084953143657,1288.12494187968,17,500,2222,237,138,129,1.00138914573687,121.645289576436,"success"
"sigma_b0",1.05832032941618,0.0727533228192219,0.920885416695572,1.20656602992701,1.00013006264868,2198.46896269626,17,500,2222,237,138,129,1.00138914573687,121.645289576436,"success"
"sigma_b1",0.566738314750927,0.0251403394728661,0.520240898806538,0.618456600715042,1.00004310723701,5921.67893043956,17,500,2222,237,138,129,1.00138914573687,121.645289576436,"success"
"rho",0.197862275131085,0.0796845364339603,0.0406364896953306,0.353114708679419,1.00043515090206,3085.84344294921,17,500,2222,237,138,129,1.00138914573687,121.645289576436,"success"
"sigma_y",1.02745634515305,0.0188620348862921,0.99118706232409,1.06517717588321,0.999990159921123,13299.4811586197,17,500,2222,237,138,129,1.00138914573687,121.645289576436,"success"
"lambda012",0.0856412917728816,0.00655475623349598,0.0733811801176516,0.0990694745161666,1.00001190911253,14477.3236492952,17,500,2222,237,138,129,1.00138914573687,121.645289576436,"success"
"lambda013",0.0371224984305381,0.00488906004302891,0.0280716128566531,0.0472208065478203,1.00056910843456,8309.86720943805,17,500,2222,237,138,129,1.00138914573687,121.645289576436,"success"
"lambda023",0.104931543789857,0.0107237334537984,0.084653192935535,0.126803013750023,1.00036647621581,11191.951978834,17,500,2222,237,138,129,1.00138914573687,121.645289576436,"success"
"gamma12",-0.552933118960614,0.0772205258279138,-0.704401856939203,-0.402267672836488,1.00014126971051,15409.4004900746,17,500,2222,237,138,129,1.00138914573687,121.645289576436,"success"
"gamma13",0.785062507902644,0.109212368166737,0.57520198668789,1.00365310659811,1.00138914573687,6464.14508469305,17,500,2222,237,138,129,1.00138914573687,121.645289576436,"success"
"gamma23",0.391247691475798,0.096888696057104,0.200812618290489,0.579922358433115,1.00001095903945,22808.3523023768,17,500,2222,237,138,129,1.00138914573687,121.645289576436,"success"
"alpha0_12",0.43351974964748,0.108993106861894,0.227709569590611,0.656336207455895,1.00010274685858,4656.32229435887,17,500,2222,237,138,129,1.00138914573687,121.645289576436,"success"
"alpha0_13",0.971842541483623,0.15930204973479,0.67620824574243,1.30482692075494,1.00138199315106,3123.54007250528,17,500,2222,237,138,129,1.00138914573687,121.645289576436,"success"
"alpha0_23",0.369084236869494,0.168780241845645,0.0541875175875867,0.721836868048598,1.00135408943634,3397.25275719676,17,500,2222,237,138,129,1.00138914573687,121.645289576436,"success"
"alpha1_12",-0.0360634047071622,0.145579602241378,-0.328842106086584,0.242900186919743,1.00026155410088,6972.4659224468,17,500,2222,237,138,129,1.00138914573687,121.645289576436,"success"
"alpha1_13",0.47240112229594,0.286180090260716,-0.100622360457422,1.01940380465909,1.00024457453942,2625.00733307105,17,500,2222,237,138,129,1.00138914573687,121.645289576436,"success"
"alpha1_23",0.49816848934572,0.224426339303338,0.0500956947407564,0.932220338703654,1.00083388223647,4388.00577188801,17,500,2222,237,138,129,1.00138914573687,121.645289576436,"success"
"beta0_y",2.05660933133687,0.0682033107964942,1.92557850607221,2.19184532639091,1.0000992049756,2510.74998814696,18,500,2133,209,160,117,1.00357818192141,85.3982276126348,"success"
"beta1_y",0.537395324523562,0.0411894466810274,0.455464945035449,0.614896616701514,1.00357818192141,85.3982276126348,18,500,2133,209,160,117,1.00357818192141,85.3982276126348,"success"
"beta2_y",0.878918438800072,0.0688105205611179,0.7449470267625,1.01550809600866,1.00332399541837,1428.88647709828,18,500,2133,209,160,117,1.00357818192141,85.3982276126348,"success"
"sigma_b0",0.914698783294497,0.0673732998467213,0.784720594127134,1.04878863811147,1.00022443030063,1646.73459596779,18,500,2133,209,160,117,1.00357818192141,85.3982276126348,"success"
"sigma_b1",0.608618759146237,0.0273079878437432,0.557815582869327,0.664674854384126,1.00017520053954,5179.9293838918,18,500,2133,209,160,117,1.00357818192141,85.3982276126348,"success"
"rho",0.322403732622189,0.0844999747835358,0.15171919982387,0.481135435672823,1.00014992167624,1816.64625573746,18,500,2133,209,160,117,1.00357818192141,85.3982276126348,"success"
"sigma_y",1.00544127593369,0.0188155907566501,0.969483405410325,1.04318401020689,1.0000091013521,10577.9872380453,18,500,2133,209,160,117,1.00357818192141,85.3982276126348,"success"
"lambda012",0.0700398642749966,0.00593463312761941,0.0588207603519042,0.0821593784552958,1.00022666058895,13754.6156299301,18,500,2133,209,160,117,1.00357818192141,85.3982276126348,"success"
"lambda013",0.0450164519907542,0.00505456463012107,0.0355737059133939,0.055337568018732,1.00033702653114,9602.97465214754,18,500,2133,209,160,117,1.00357818192141,85.3982276126348,"success"
"lambda023",0.106446285100245,0.0132902942979593,0.0811993862068569,0.133153208507926,1.00007788890983,9039.1496308136,18,500,2133,209,160,117,1.00357818192141,85.3982276126348,"success"
"gamma12",-0.739261697042074,0.0913886449451934,-0.918988130098946,-0.561297262134426,1.00015062064239,14300.0615916474,18,500,2133,209,160,117,1.00357818192141,85.3982276126348,"success"
"gamma13",0.686245951838425,0.102114154174437,0.48891013836509,0.890295561762545,1.00062124325528,7790.13466302846,18,500,2133,209,160,117,1.00357818192141,85.3982276126348,"success"
"gamma23",0.447817538095785,0.128657655113,0.199672399486843,0.70216499041188,1.00055900908413,14691.9976526645,18,500,2133,209,160,117,1.00357818192141,85.3982276126348,"success"
"alpha0_12",0.667020813969662,0.146364299274614,0.400969053723871,0.974933016682828,1.00009459647209,3033.35747656275,18,500,2133,209,160,117,1.00357818192141,85.3982276126348,"success"
"alpha0_13",0.889362439043379,0.194754267354569,0.518976443666939,1.28992402874935,1.00002874195965,2429.93849590614,18,500,2133,209,160,117,1.00357818192141,85.3982276126348,"success"
"alpha0_23",0.808538382936268,0.228716862030649,0.387236634731174,1.28651905280225,1.0000598456211,2900.20402154996,18,500,2133,209,160,117,1.00357818192141,85.3982276126348,"success"
"alpha1_12",-0.1373845317923,0.165534309095319,-0.474965860005878,0.17414371693299,1.00023923911897,4653.50126958187,18,500,2133,209,160,117,1.00357818192141,85.3982276126348,"success"
"alpha1_13",0.244799873353455,0.256122059115582,-0.270803537525761,0.737099545315069,1.00023119516738,1696.44794640756,18,500,2133,209,160,117,1.00357818192141,85.3982276126348,"success"
"alpha1_23",-0.00628609955508204,0.267164413361181,-0.544078403615096,0.508604382336078,1.00021077596281,3271.57787998743,18,500,2133,209,160,117,1.00357818192141,85.3982276126348,"success"
"beta0_y",1.92815777922386,0.0678513396481305,1.79440200489373,2.0616681507194,1.00006397938008,2083.43556569801,19,500,2361,229,137,121,1.01441160911893,115.32709909307,"success"
"beta1_y",0.480575594774834,0.0342316825179136,0.415355572034109,0.553035236117133,1.01441160911893,115.32709909307,19,500,2361,229,137,121,1.01441160911893,115.32709909307,"success"
"beta2_y",0.955240460050116,0.0621735327213016,0.833346824544178,1.07571554234807,1.00040638625479,1296.84117329652,19,500,2361,229,137,121,1.01441160911893,115.32709909307,"success"
"sigma_b0",0.914513240464576,0.065503768349393,0.788761892941023,1.04661221185999,1.00154396495592,1819.04731065042,19,500,2361,229,137,121,1.01441160911893,115.32709909307,"success"
"sigma_b1",0.607418369089207,0.0260515366563532,0.558544844821419,0.66069798899413,1.00110716467496,6200.63522488697,19,500,2361,229,137,121,1.01441160911893,115.32709909307,"success"
"rho",0.386362663741434,0.0767164448856984,0.232865862609677,0.534555108889291,1.00024592652366,2279.48115627659,19,500,2361,229,137,121,1.01441160911893,115.32709909307,"success"
"sigma_y",0.996409265997485,0.0176359807411655,0.962570644992356,1.03183190311183,1.00006806099711,11943.7221013741,19,500,2361,229,137,121,1.01441160911893,115.32709909307,"success"
"lambda012",0.0775305824473756,0.00572796692160988,0.0667432319795324,0.0891858324043277,1.00002826955433,20014.7907952755,19,500,2361,229,137,121,1.01441160911893,115.32709909307,"success"
"lambda013",0.0328812779883674,0.00429166538805316,0.0249055919183632,0.0417463671405219,1.00007261223829,8657.29550065186,19,500,2361,229,137,121,1.01441160911893,115.32709909307,"success"
"lambda023",0.0973532940991749,0.0106029315995221,0.0773802978436251,0.118884359284144,1.00010102974677,9473.60111832972,19,500,2361,229,137,121,1.01441160911893,115.32709909307,"success"
"gamma12",-0.41417090399067,0.0731047767050255,-0.557043858444658,-0.270896640234193,1.00027403116315,31373.3763063566,19,500,2361,229,137,121,1.01441160911893,115.32709909307,"success"
"gamma13",0.862368709857486,0.110369913804775,0.652709459396024,1.08537938535973,1.00000033142685,6582.5113692278,19,500,2361,229,137,121,1.01441160911893,115.32709909307,"success"
"gamma23",0.501740225523528,0.100212996549154,0.307176933053399,0.698961786030891,1.00007552326753,15029.7832768053,19,500,2361,229,137,121,1.01441160911893,115.32709909307,"success"
"alpha0_12",0.27815141058487,0.134423093359887,0.0243404860121532,0.552514556661302,1.00010509529367,4293.36816940107,19,500,2361,229,137,121,1.01441160911893,115.32709909307,"success"
"alpha0_13",0.828326282812808,0.222528460579292,0.392230279730771,1.27873111586359,1.00036265800463,2175.81839515424,19,500,2361,229,137,121,1.01441160911893,115.32709909307,"success"
"alpha0_23",0.666114749608321,0.189189715940456,0.315197934082805,1.05899076018898,1.00005885062917,4502.77734185379,19,500,2361,229,137,121,1.01441160911893,115.32709909307,"success"
"alpha1_12",0.19979609704327,0.159522985940357,-0.121720117657812,0.506689519735345,1.00000726872629,6426.38662704367,19,500,2361,229,137,121,1.01441160911893,115.32709909307,"success"
"alpha1_13",0.652749010360439,0.259184828186205,0.131634376270426,1.14964535030405,1.00203148744143,2285.28740197862,19,500,2361,229,137,121,1.01441160911893,115.32709909307,"success"
"alpha1_23",0.218651857339124,0.210428318911023,-0.204761709190832,0.619482868052939,1.00000185055623,6399.31878187857,19,500,2361,229,137,121,1.01441160911893,115.32709909307,"success"
"beta0_y",2.01461161526114,0.0662173168075306,1.88525718502346,2.14523776390454,1.00056716658435,2349.98249847755,20,500,2390,241,139,113,1.02283659721758,128.568646653014,"success"
"beta1_y",0.487070643430408,0.0331666419377996,0.41638278621341,0.548943827353167,1.02283659721758,128.568646653014,20,500,2390,241,139,113,1.02283659721758,128.568646653014,"success"
"beta2_y",0.989883501092238,0.059490261668292,0.873849325174073,1.1064526484188,1.00122356815414,1587.44928187767,20,500,2390,241,139,113,1.02283659721758,128.568646653014,"success"
"sigma_b0",0.909767675855361,0.0636022515279411,0.789073864256603,1.03876370840468,1.00127947121638,1616.6908903744,20,500,2390,241,139,113,1.02283659721758,128.568646653014,"success"
"sigma_b1",0.61977661501823,0.0255675100864931,0.571880738071648,0.672173766611095,1.00021869493728,8751.37066596489,20,500,2390,241,139,113,1.02283659721758,128.568646653014,"success"
"rho",0.455434820595949,0.0751464997687267,0.303119495230221,0.595476195897751,1.0031876669882,1819.02336386448,20,500,2390,241,139,113,1.02283659721758,128.568646653014,"success"
"sigma_y",1.01926627118508,0.0178847747508589,0.984865791368472,1.05506194301254,1.00022710733143,12777.9756023745,20,500,2390,241,139,113,1.02283659721758,128.568646653014,"success"
"lambda012",0.0738981589641045,0.00578619679940358,0.0630512693253706,0.0856497649232116,1.00004095230321,16027.5302401784,20,500,2390,241,139,113,1.02283659721758,128.568646653014,"success"
"lambda013",0.0373192033094026,0.00454399260051327,0.0287383072725142,0.0466121742611015,1.00002381006824,9069.12667859168,20,500,2390,241,139,113,1.02283659721758,128.568646653014,"success"
"lambda023",0.0939295334731923,0.0107241352650433,0.0738073676952129,0.115780557438967,1.00014267526957,10589.1569004873,20,500,2390,241,139,113,1.02283659721758,128.568646653014,"success"
"gamma12",-0.624761841740036,0.0752370666969711,-0.772928702729556,-0.477838650945256,1.00012290563534,19041.4037380837,20,500,2390,241,139,113,1.02283659721758,128.568646653014,"success"
"gamma13",0.728279387082887,0.106972677700436,0.522399547106539,0.943294134301608,1.0000956951631,8411.35949074002,20,500,2390,241,139,113,1.02283659721758,128.568646653014,"success"
"gamma23",0.557532993128215,0.112980290397,0.339206615686016,0.78347928347303,1.00007977649124,13486.0247901967,20,500,2390,241,139,113,1.02283659721758,128.568646653014,"success"
"alpha0_12",0.441054010741066,0.134401377753458,0.186490842822774,0.714884929124514,1.00034635726647,4006.76862812095,20,500,2390,241,139,113,1.02283659721758,128.568646653014,"success"
"alpha0_13",1.0217677635832,0.233406405706091,0.580842986649476,1.50371176582938,1.00074985470605,2173.04451613059,20,500,2390,241,139,113,1.02283659721758,128.568646653014,"success"
"alpha0_23",0.63567044334976,0.233063966444708,0.215051242951938,1.13109648658077,1.00000261217333,2738.97312495718,20,500,2390,241,139,113,1.02283659721758,128.568646653014,"success"
"alpha1_12",0.031893933647896,0.162607747792637,-0.293898380253758,0.344396900478643,1.00052521347447,5445.03118465107,20,500,2390,241,139,113,1.02283659721758,128.568646653014,"success"
"alpha1_13",0.034497951512519,0.287621257878339,-0.547252024281058,0.580385549282529,1.00010462687438,2475.45237803264,20,500,2390,241,139,113,1.02283659721758,128.568646653014,"success"
"alpha1_23",0.152422241882436,0.26540262880512,-0.388457534756508,0.651569506681129,1.0001515962704,3676.98677561533,20,500,2390,241,139,113,1.02283659721758,128.568646653014,"success"
"beta0_y",1.93043657885867,0.0723499734471049,1.78914080189669,2.07131916582892,1.00446709785353,1902.82950671805,21,500,2256,227,156,119,1.00446709785353,103.792396307245,"success"
"beta1_y",0.509007353201013,0.0347197954271565,0.444390667310247,0.577010745283177,1.00264387527342,103.792396307245,21,500,2256,227,156,119,1.00446709785353,103.792396307245,"success"
"beta2_y",1.07041482171702,0.069990763080893,0.931736165303954,1.20672766444568,1.00025087295739,1221.78120059122,21,500,2256,227,156,119,1.00446709785353,103.792396307245,"success"
"sigma_b0",1.00063678622158,0.0671687640892274,0.872835897348831,1.13601332787878,1.0011369656525,2165.68059668418,21,500,2256,227,156,119,1.00446709785353,103.792396307245,"success"
"sigma_b1",0.62523229653416,0.026910053258871,0.575011474234103,0.680459740652534,1.00000658440022,6403.8845312947,21,500,2256,227,156,119,1.00446709785353,103.792396307245,"success"
"rho",0.388935183009467,0.0714644109591072,0.244409687211063,0.524320454126516,1.00011315002756,3082.96617898452,21,500,2256,227,156,119,1.00446709785353,103.792396307245,"success"
"sigma_y",0.992649210650178,0.0180137117455043,0.958072270313707,1.02867427596348,1.00000452378398,13494.1062736916,21,500,2256,227,156,119,1.00446709785353,103.792396307245,"success"
"lambda012",0.0776977584204333,0.00598717384239087,0.0663765801473347,0.089820152852862,1.00068301560061,9100.07057283952,21,500,2256,227,156,119,1.00446709785353,103.792396307245,"success"
"lambda013",0.0476497598477164,0.0050407517954966,0.0381618571521121,0.0578555566666145,1.0005005526426,8674.74447222501,21,500,2256,227,156,119,1.00446709785353,103.792396307245,"success"
"lambda023",0.0915192838239002,0.0110765830522156,0.0708809924713377,0.114197896025381,1.00082170697472,5313.40856043267,21,500,2256,227,156,119,1.00446709785353,103.792396307245,"success"
"gamma12",-0.552159652409865,0.0791810520125058,-0.706691020936816,-0.395957909845849,1.00011215312983,14394.6727382924,21,500,2256,227,156,119,1.00446709785353,103.792396307245,"success"
"gamma13",0.551451290051331,0.106225248643715,0.346447166225706,0.763266604496932,1.00003182925397,8722.71111240682,21,500,2256,227,156,119,1.00446709785353,103.792396307245,"success"
"gamma23",0.508583376726144,0.117762365680444,0.281265671643046,0.744798606049759,1.00015036010798,10602.9845915103,21,500,2256,227,156,119,1.00446709785353,103.792396307245,"success"
"alpha0_12",0.468726101001357,0.124145880428468,0.235900142409387,0.72205313232961,1.00047547993065,4177.94916192109,21,500,2256,227,156,119,1.00446709785353,103.792396307245,"success"
"alpha0_13",0.793643178605314,0.194509481550869,0.417900152907099,1.18349007861813,1.00009828336286,1956.81664971178,21,500,2256,227,156,119,1.00446709785353,103.792396307245,"success"
"alpha0_23",0.705695367780343,0.178382763144951,0.373206362656393,1.07503770927377,1.0005118137108,4464.30982293144,21,500,2256,227,156,119,1.00446709785353,103.792396307245,"success"
"alpha1_12",0.196155816283544,0.155999571026874,-0.117180236248944,0.496342446547724,1.00014937657209,6213.41586450838,21,500,2256,227,156,119,1.00446709785353,103.792396307245,"success"
"alpha1_13",0.207950001453881,0.252404499253905,-0.298491670375658,0.695070450051206,1.00012871180544,1821.20900750653,21,500,2256,227,156,119,1.00446709785353,103.792396307245,"success"
"alpha1_23",0.626909252544087,0.200396066871635,0.220272848201331,1.00668494821208,0.999999780494774,7518.88109519662,21,500,2256,227,156,119,1.00446709785353,103.792396307245,"success"
"beta0_y",1.98255337136669,0.0735111824125938,1.83906293275443,2.12736257271802,1.00053329950981,1960.61893519888,22,500,2250,228,157,114,1.01589776930636,82.2976112624483,"success"
"beta1_y",0.51111290020205,0.0399210166065028,0.434697470459879,0.59282127294979,1.01589776930636,82.2976112624483,22,500,2250,228,157,114,1.01589776930636,82.2976112624483,"success"
"beta2_y",1.06354459341357,0.0723872747623754,0.923944714237045,1.20734416647588,1.00446315230263,1269.12924628305,22,500,2250,228,157,114,1.01589776930636,82.2976112624483,"success"
"sigma_b0",0.96792354250251,0.0735843957040592,0.825312999915692,1.11443344974071,1.00614184349222,1187.82043148709,22,500,2250,228,157,114,1.01589776930636,82.2976112624483,"success"
"sigma_b1",0.626290047871263,0.0279407443871,0.574509006233925,0.684412768259109,1.00063107169125,3676.92534486306,22,500,2250,228,157,114,1.01589776930636,82.2976112624483,"success"
"rho",0.473844196737924,0.0787192607639872,0.315303809353297,0.623704896684053,1.00615172402297,1372.85132357063,22,500,2250,228,157,114,1.01589776930636,82.2976112624483,"success"
"sigma_y",1.03816173486461,0.0186658998571351,1.00217626724503,1.0755328234241,1.0001986431771,10752.3644084214,22,500,2250,228,157,114,1.01589776930636,82.2976112624483,"success"
"lambda012",0.0743721006067173,0.00601493390407994,0.0630920761167068,0.0866688508612982,1.00000621257489,11872.0884056361,22,500,2250,228,157,114,1.01589776930636,82.2976112624483,"success"
"lambda013",0.0379859780102371,0.00493458821086163,0.0287512954677743,0.0481342509284722,1.00020922509544,7212.869449154,22,500,2250,228,157,114,1.01589776930636,82.2976112624483,"success"
"lambda023",0.101353890041385,0.0117988955717346,0.0793591408964443,0.125577272321782,1.00019274034615,7703.45816324234,22,500,2250,228,157,114,1.01589776930636,82.2976112624483,"success"
"gamma12",-0.534839794243605,0.0806132665875596,-0.691148704576762,-0.375677345296832,1.00050748296121,15389.0130729828,22,500,2250,228,157,114,1.01589776930636,82.2976112624483,"success"
"gamma13",1.04913051570708,0.118370390778047,0.823133425966187,1.28910770456483,1.00073298122949,5057.83475619929,22,500,2250,228,157,114,1.01589776930636,82.2976112624483,"success"
"gamma23",0.526637732776786,0.11921496753925,0.296789102066221,0.764048386367273,1.00014006231648,14487.8453768128,22,500,2250,228,157,114,1.01589776930636,82.2976112624483,"success"
"alpha0_12",0.44044794937412,0.1582297115084,0.140307901201834,0.766290120916394,1.00017909492224,2902.43047759299,22,500,2250,228,157,114,1.01589776930636,82.2976112624483,"success"
"alpha0_13",1.21469837550691,0.223318638914438,0.807525406599931,1.69413526137478,1.00078849004587,1767.38332032269,22,500,2250,228,157,114,1.01589776930636,82.2976112624483,"success"
"alpha0_23",0.647595420258598,0.218530825853626,0.247035337343065,1.10885365450331,1.00090697665686,3146.01650944562,22,500,2250,228,157,114,1.01589776930636,82.2976112624483,"success"
"alpha1_12",0.0690059392403536,0.180473073086631,-0.297735990984835,0.416756282304597,1.00024371507791,3713.79323108004,22,500,2250,228,157,114,1.01589776930636,82.2976112624483,"success"
"alpha1_13",-0.112195076136667,0.307674993885162,-0.740339302143814,0.469980673070962,1.00037802369789,1735.74647438115,22,500,2250,228,157,114,1.01589776930636,82.2976112624483,"success"
"alpha1_23",0.264362132764394,0.242526488057855,-0.231002560813701,0.720161922602714,1.00004957413757,3791.3246840021,22,500,2250,228,157,114,1.01589776930636,82.2976112624483,"success"
"beta0_y",2.12658713950127,0.0719695995672558,1.98844035313986,2.26983754944667,1.00065825784238,1911.05753559178,23,500,2354,248,140,122,1.03179355078207,137.370784549652,"success"
"beta1_y",0.477997854972535,0.0330790504409297,0.411600513098686,0.546952489705425,1.03179355078207,137.370784549652,23,500,2354,248,140,122,1.03179355078207,137.370784549652,"success"
"beta2_y",1.0119747912102,0.0681558501168411,0.879527045441694,1.14626940631402,1.00109030783621,1141.27001289525,23,500,2354,248,140,122,1.03179355078207,137.370784549652,"success"
"sigma_b0",1.08547115425083,0.0655407922507522,0.959426016195692,1.21710738772666,1.00057418376583,2814.85818373213,23,500,2354,248,140,122,1.03179355078207,137.370784549652,"success"
"sigma_b1",0.5881350043318,0.0250262429889322,0.541171052087851,0.639579147309565,1.00011570160293,7198.30829711625,23,500,2354,248,140,122,1.03179355078207,137.370784549652,"success"
"rho",0.374332121347177,0.0693215880933127,0.235792957442174,0.50758445447434,1.00224125104621,3263.77286771194,23,500,2354,248,140,122,1.03179355078207,137.370784549652,"success"
"sigma_y",1.0106229622247,0.0176770608274365,0.976497654490913,1.04586871871824,1.00024619334902,14799.9266580827,23,500,2354,248,140,122,1.03179355078207,137.370784549652,"success"
"lambda012",0.0795898766243885,0.0059916645077564,0.0683921484337803,0.0918099646532073,1.00025339075672,10459.5696962013,23,500,2354,248,140,122,1.03179355078207,137.370784549652,"success"
"lambda013",0.0370363646167967,0.00429873813284253,0.0289656933018485,0.0457960315370898,1.00034639002574,12006.6687575102,23,500,2354,248,140,122,1.03179355078207,137.370784549652,"success"
"lambda023",0.0859760620790965,0.0106418356386379,0.0658810061312083,0.107352892349449,1.00009029191247,9045.86377989485,23,500,2354,248,140,122,1.03179355078207,137.370784549652,"success"
"gamma12",-0.505004418387477,0.0695402508291194,-0.641302285368611,-0.368568448077159,1.0000335682528,11402.5178427551,23,500,2354,248,140,122,1.03179355078207,137.370784549652,"success"
"gamma13",0.813613412176616,0.107571828638336,0.606763032417579,1.0278695932892,1.00019068995892,10668.6891448443,23,500,2354,248,140,122,1.03179355078207,137.370784549652,"success"
"gamma23",0.334009320436609,0.111379595322771,0.115848403180527,0.553606575475995,1.00004924760295,11652.4396709692,23,500,2354,248,140,122,1.03179355078207,137.370784549652,"success"
"alpha0_12",0.467682004742679,0.096646922347413,0.284007040722996,0.665081091307344,1.00024402626068,5228.52299595556,23,500,2354,248,140,122,1.03179355078207,137.370784549652,"success"
"alpha0_13",0.661603390766957,0.148477302632232,0.37760223165506,0.961685257061609,1.0001507317714,4031.75875786175,23,500,2354,248,140,122,1.03179355078207,137.370784549652,"success"
"alpha0_23",0.682510435099647,0.164969933687047,0.371877960548314,1.02199866678545,1.00026545438447,4182.61310470512,23,500,2354,248,140,122,1.03179355078207,137.370784549652,"success"
"alpha1_12",0.109004238782431,0.146095886838326,-0.185411231233749,0.388984008113661,1.00023840374524,7536.58359496595,23,500,2354,248,140,122,1.03179355078207,137.370784549652,"success"
"alpha1_13",0.315225813780143,0.246339155938734,-0.173447868295577,0.794594391253202,1.0006671940599,3261.92538396354,23,500,2354,248,140,122,1.03179355078207,137.370784549652,"success"
"alpha1_23",0.189566674953333,0.233254743431961,-0.281814584902076,0.633143333595606,1.00033364062152,4895.64846324513,23,500,2354,248,140,122,1.03179355078207,137.370784549652,"success"
"beta0_y",1.98676208899133,0.0711869354677741,1.84832614245772,2.12766798029808,1.00085877096053,1799.84072566313,24,500,2157,215,169,114,1.0242074200455,96.12277440731,"success"
"beta1_y",0.544921727234903,0.0391605028171197,0.46978874140802,0.625184775653679,1.0242074200455,96.12277440731,24,500,2157,215,169,114,1.0242074200455,96.12277440731,"success"
"beta2_y",1.07981721009607,0.06946609049529,0.942266129218421,1.21516108924634,1.00082258716486,1172.94300690739,24,500,2157,215,169,114,1.0242074200455,96.12277440731,"success"
"sigma_b0",0.996903798226651,0.065668029678241,0.871181293418426,1.12862774023948,1.00036853609364,2353.67300563675,24,500,2157,215,169,114,1.0242074200455,96.12277440731,"success"
"sigma_b1",0.598981285513625,0.0262316116264347,0.549895815414059,0.65294758032752,1.00068525922025,7231.46693983143,24,500,2157,215,169,114,1.0242074200455,96.12277440731,"success"
"rho",0.285478240545004,0.0781972199805804,0.129543126486861,0.435528680021186,1.00000819932531,2699.80527817913,24,500,2157,215,169,114,1.0242074200455,96.12277440731,"success"
"sigma_y",0.961312542158469,0.0179152512105097,0.926863351126054,0.997156163168413,1.00003854660625,12695.0536860758,24,500,2157,215,169,114,1.0242074200455,96.12277440731,"success"
"lambda012",0.0747630644190668,0.00561054027818479,0.0641463915785982,0.0861241804851823,1.00008084227285,24582.5662599308,24,500,2157,215,169,114,1.0242074200455,96.12277440731,"success"
"lambda013",0.0457739504444296,0.00508401761753556,0.0362564167958874,0.0561453714218336,1.00006786510169,9134.61084267462,24,500,2157,215,169,114,1.0242074200455,96.12277440731,"success"
"lambda023",0.109488253862631,0.0134554432616152,0.0848880139865,0.137622072681589,1.00124243334431,6307.52791829609,24,500,2157,215,169,114,1.0242074200455,96.12277440731,"success"
"gamma12",-0.452612847487789,0.0740211735233387,-0.597799697645393,-0.307172771696027,1.00001100333237,30380.6696937232,24,500,2157,215,169,114,1.0242074200455,96.12277440731,"success"
"gamma13",0.827968754790641,0.107795185074651,0.620130070645173,1.04234243556113,1.00004525809746,9170.9866004199,24,500,2157,215,169,114,1.0242074200455,96.12277440731,"success"
"gamma23",0.565001450277174,0.134335720789209,0.310176819335178,0.837806626050278,1.00011356048837,6458.35241488939,24,500,2157,215,169,114,1.0242074200455,96.12277440731,"success"
"alpha0_12",0.240120368940658,0.103907136185859,0.0381678260542618,0.446225838061408,1.0007335900703,6816.92917305539,24,500,2157,215,169,114,1.0242074200455,96.12277440731,"success"
"alpha0_13",0.797903178262959,0.171802617947611,0.472139371997664,1.14964180072439,1.00049921018467,2337.58849794113,24,500,2157,215,169,114,1.0242074200455,96.12277440731,"success"
"alpha0_23",0.946508980244193,0.239132891207116,0.519634678232615,1.46187190708997,1.0005635177552,2634.47726459612,24,500,2157,215,169,114,1.0242074200455,96.12277440731,"success"
"alpha1_12",0.15783959048746,0.142313070027776,-0.122061849248266,0.437601703003387,1.00050382187126,10613.1910707704,24,500,2157,215,169,114,1.0242074200455,96.12277440731,"success"
"alpha1_13",0.186259073122861,0.240218078582204,-0.29627819115893,0.645026239675897,1.00037618359854,1854.86459199933,24,500,2157,215,169,114,1.0242074200455,96.12277440731,"success"
"alpha1_23",0.0667712580717895,0.259307309293385,-0.470036041049423,0.550709072356922,1.00019315360093,3953.48156953116,24,500,2157,215,169,114,1.0242074200455,96.12277440731,"success"
"beta0_y",1.95473383043133,0.0722248779142223,1.81455953352709,2.09687344122056,1.00110353301813,1868.92011605232,25,500,2217,235,138,126,1.00159240443518,87.6493024899729,"success"
"beta1_y",0.474732040911396,0.0384890189035477,0.397961157077328,0.544679513413571,1.00090802770293,87.6493024899729,25,500,2217,235,138,126,1.00159240443518,87.6493024899729,"success"
"beta2_y",1.06061614796684,0.0707099399803705,0.919627899192664,1.19733581964843,1.00007378327875,1210.09154824491,25,500,2217,235,138,126,1.00159240443518,87.6493024899729,"success"
"sigma_b0",1.05222555955398,0.0694921027142865,0.920049125255494,1.19242726903292,1.00159240443518,2384.39747046607,25,500,2217,235,138,126,1.00159240443518,87.6493024899729,"success"
"sigma_b1",0.591661889196102,0.0264326530660067,0.542552161474683,0.646228734428236,1.0003008193272,5308.16876442577,25,500,2217,235,138,126,1.00159240443518,87.6493024899729,"success"
"rho",0.290929619498666,0.0763169598462373,0.139344004724343,0.437477814208454,1.00029426774164,2751.68438347988,25,500,2217,235,138,126,1.00159240443518,87.6493024899729,"success"
"sigma_y",0.987308576225905,0.0181926461012713,0.952502087284022,1.02358413964288,1.00002006772738,12300.4087233026,25,500,2217,235,138,126,1.00159240443518,87.6493024899729,"success"
"lambda012",0.0768865929606346,0.00594415591509539,0.0656555554982506,0.088943692206199,1.00004718090463,13743.7307454081,25,500,2217,235,138,126,1.00159240443518,87.6493024899729,"success"
"lambda013",0.0342288504670794,0.00435704947904597,0.0261386528920796,0.0431533122887536,1.00022768566868,10219.1529156121,25,500,2217,235,138,126,1.00159240443518,87.6493024899729,"success"
"lambda023",0.10461098408892,0.0122908550703175,0.0813247490095661,0.129484596370545,1.00000762435038,8877.0986597185,25,500,2217,235,138,126,1.00159240443518,87.6493024899729,"success"
"gamma12",-0.429911166041362,0.0804987492510848,-0.589599632317062,-0.273364934772812,1.000040921049,10768.5071120576,25,500,2217,235,138,126,1.00159240443518,87.6493024899729,"success"
"gamma13",0.986980744773756,0.116386231857052,0.766551127755297,1.22015374009215,1.00007617754495,8609.66477995761,25,500,2217,235,138,126,1.00159240443518,87.6493024899729,"success"
"gamma23",0.48855019358006,0.124411873763791,0.248877191442536,0.737035851460457,0.999992829569282,10565.4731034642,25,500,2217,235,138,126,1.00159240443518,87.6493024899729,"success"
"alpha0_12",0.48118599301747,0.100266415303712,0.292832616560577,0.686270175412843,1.00024217799577,5107.28422685459,25,500,2217,235,138,126,1.00159240443518,87.6493024899729,"success"
"alpha0_13",0.721948896965466,0.181078663453615,0.367139727218227,1.08134593809778,1.00060786856613,2388.05341265182,25,500,2217,235,138,126,1.00159240443518,87.6493024899729,"success"
"alpha0_23",0.715112258130487,0.180510850855678,0.374244222414495,1.08168104962053,1.00034691100397,4034.77654630378,25,500,2217,235,138,126,1.00159240443518,87.6493024899729,"success"
"alpha1_12",-0.117473222106515,0.14665709462973,-0.411589152400178,0.162062016594683,0.99999133521651,8337.10553340409,25,500,2217,235,138,126,1.00159240443518,87.6493024899729,"success"
"alpha1_13",0.680337215931553,0.260553711245724,0.158644327679687,1.18426752166652,1.00046521559124,2011.04376689147,25,500,2217,235,138,126,1.00159240443518,87.6493024899729,"success"
"alpha1_23",0.215178791119295,0.202336834116951,-0.198668657393049,0.597016475344234,1.00020963632203,7284.77178319551,25,500,2217,235,138,126,1.00159240443518,87.6493024899729,"success"
"beta0_y",1.92874274806891,0.0758092911908286,1.78229880459412,2.07897382749166,1.00204192409341,1727.80321365229,26,500,2189,214,160,110,1.00411716942745,80.2779101822351,"success"
"beta1_y",0.443026530442285,0.0407774811936832,0.369086591315843,0.528235391954022,1.00411716942745,80.2779101822351,26,500,2189,214,160,110,1.00411716942745,80.2779101822351,"success"
"beta2_y",1.04187020822748,0.0729176452117092,0.900601841918159,1.18813710619707,1.0015067698808,1302.32508775896,26,500,2189,214,160,110,1.00411716942745,80.2779101822351,"success"
"sigma_b0",1.02343968111872,0.0660421169118809,0.896236096540969,1.1557644949988,1.00048664591495,2341.06657898837,26,500,2189,214,160,110,1.00411716942745,80.2779101822351,"success"
"sigma_b1",0.577342908616618,0.0259515498555956,0.528969062668054,0.631052063817816,1.00039359357527,3981.27213335714,26,500,2189,214,160,110,1.00411716942745,80.2779101822351,"success"
"rho",0.448906299331479,0.0717718734507088,0.303217732739753,0.583936689489493,1.00103703303637,2368.52705977649,26,500,2189,214,160,110,1.00411716942745,80.2779101822351,"success"
"sigma_y",1.02360477570124,0.0186730972586286,0.987776149745239,1.06096315780402,1.00000375409176,14573.0515452071,26,500,2189,214,160,110,1.00411716942745,80.2779101822351,"success"
"lambda012",0.0708456369533566,0.00557075608510449,0.0603401120150643,0.0821747300209025,1.00027582805045,12668.8055321573,26,500,2189,214,160,110,1.00411716942745,80.2779101822351,"success"
"lambda013",0.0425403014939896,0.00467979712562457,0.0337875588675654,0.0521209280147147,1.00025741636798,10999.1783029126,26,500,2189,214,160,110,1.00411716942745,80.2779101822351,"success"
"lambda023",0.0851223398776425,0.0116343172631602,0.0636470052245242,0.109210882311774,1.00088854714567,6758.24465910701,26,500,2189,214,160,110,1.00411716942745,80.2779101822351,"success"
"gamma12",-0.448809734857105,0.0798781270066633,-0.606454840631535,-0.293507507214489,1.00000138853758,19444.6692115595,26,500,2189,214,160,110,1.00411716942745,80.2779101822351,"success"
"gamma13",0.905113095014262,0.0926180617633428,0.726336561469845,1.08922135290023,1.0000109513975,12717.0229630466,26,500,2189,214,160,110,1.00411716942745,80.2779101822351,"success"
"gamma23",0.276775310542798,0.125563492707046,0.0296718690969747,0.522280682171691,1.00011389388686,9584.98387184816,26,500,2189,214,160,110,1.00411716942745,80.2779101822351,"success"
"alpha0_12",0.32322279237059,0.12746119457086,0.0772283777458029,0.577767370850253,1.00069171650985,4116.21188655915,26,500,2189,214,160,110,1.00411716942745,80.2779101822351,"success"
"alpha0_13",0.49089056118836,0.198499874504058,0.10477202325256,0.888169199312581,1.00007087587783,1467.70827396101,26,500,2189,214,160,110,1.00411716942745,80.2779101822351,"success"
"alpha0_23",0.910219807385647,0.208450250560505,0.519749617229396,1.33899100937523,1.00034646341625,3086.44673364032,26,500,2189,214,160,110,1.00411716942745,80.2779101822351,"success"
"alpha1_12",0.207100726249012,0.180102017245853,-0.152927471021209,0.55396539285993,1.00064947131654,5324.61684978233,26,500,2189,214,160,110,1.00411716942745,80.2779101822351,"success"
"alpha1_13",0.534008009948419,0.354671552695948,-0.17839219363182,1.21856844920562,1.00007156873474,1189.92870606274,26,500,2189,214,160,110,1.00411716942745,80.2779101822351,"success"
"alpha1_23",0.0209256864796412,0.276822173608134,-0.543453490534646,0.544944922599406,1.00085606322136,3845.69672055729,26,500,2189,214,160,110,1.00411716942745,80.2779101822351,"success"
"beta0_y",1.98058454471415,0.066687422114973,1.85181609414333,2.11395328859844,1.00164460485026,2481.06842499512,27,500,2191,232,150,110,1.03900589476394,124.390459095288,"success"
"beta1_y",0.492416771693423,0.0345576943091414,0.428539069384662,0.565411511778871,1.03900589476394,124.390459095288,27,500,2191,232,150,110,1.03900589476394,124.390459095288,"success"
"beta2_y",0.978314942890836,0.0625246883811138,0.853641130250365,1.09992675467937,1.00068125701614,1512.73556472024,27,500,2191,232,150,110,1.03900589476394,124.390459095288,"success"
"sigma_b0",0.832044513737296,0.0671100725458422,0.701926830719458,0.965211684218364,1.00021864752758,1537.92802424707,27,500,2191,232,150,110,1.03900589476394,124.390459095288,"success"
"sigma_b1",0.611263351566931,0.0261769998732711,0.562510549428264,0.664856609976371,1.00070519376017,6644.67384470459,27,500,2191,232,150,110,1.03900589476394,124.390459095288,"success"
"rho",0.33742713730233,0.0837411286214178,0.171273247828826,0.499782708091007,1.00164884101331,1954.01993603123,27,500,2191,232,150,110,1.03900589476394,124.390459095288,"success"
"sigma_y",1.01016587921222,0.0184518946217165,0.974810110184717,1.04725215121437,0.999991077949526,11769.0094704434,27,500,2191,232,150,110,1.03900589476394,124.390459095288,"success"
"lambda012",0.082910558166057,0.00637724207149657,0.0709047789316471,0.0958697078473377,1.00180638313082,12409.7425855954,27,500,2191,232,150,110,1.03900589476394,124.390459095288,"success"
"lambda013",0.0448833267155174,0.00524428767091382,0.0350229235425038,0.0556080957184638,1.0013123268275,8125.16835369491,27,500,2191,232,150,110,1.03900589476394,124.390459095288,"success"
"lambda023",0.0891733334665711,0.0109066367892579,0.068619305983347,0.111269900011907,1.00008551492484,8839.9026318879,27,500,2191,232,150,110,1.03900589476394,124.390459095288,"success"
"gamma12",-0.543816123784368,0.0755672297699728,-0.691536399049642,-0.395721832605324,1.00010680079727,21838.3244533802,27,500,2191,232,150,110,1.03900589476394,124.390459095288,"success"
"gamma13",0.725819506551385,0.105214435915781,0.523844007561741,0.937106111373934,1.00000470339556,8273.87152343039,27,500,2191,232,150,110,1.03900589476394,124.390459095288,"success"
"gamma23",0.563747152030914,0.115045534524981,0.341701559671846,0.793437228825286,1.00001584025617,13501.6672163073,27,500,2191,232,150,110,1.03900589476394,124.390459095288,"success"
"alpha0_12",0.433049627554914,0.143525376663027,0.160261435164059,0.726481016155977,1.00077670813865,4037.80250856943,27,500,2191,232,150,110,1.03900589476394,124.390459095288,"success"
"alpha0_13",0.947850821732877,0.237734641009078,0.504752635636749,1.43974106434111,1.00221135928753,1985.07577924672,27,500,2191,232,150,110,1.03900589476394,124.390459095288,"success"
"alpha0_23",0.903249053469089,0.242294798281205,0.461320827080375,1.41098904164795,1.00006722832974,3555.328929453,27,500,2191,232,150,110,1.03900589476394,124.390459095288,"success"
"alpha1_12",0.28648972394559,0.15147196629371,-0.0209996899103353,0.577204583841291,1.00025866857916,6852.9603352143,27,500,2191,232,150,110,1.03900589476394,124.390459095288,"success"
"alpha1_13",0.111664196363209,0.272236731590437,-0.442118847976645,0.633097668303164,1.00301473065606,1913.05131682809,27,500,2191,232,150,110,1.03900589476394,124.390459095288,"success"
"alpha1_23",0.0105630316123526,0.231349985362358,-0.464898014959817,0.440062401293394,1.00034702106464,4700.60943083185,27,500,2191,232,150,110,1.03900589476394,124.390459095288,"success"
"beta0_y",2.01389833992828,0.0710849582928619,1.8771681509009,2.15425105097416,1.0006585953448,2193.63047219769,28,500,2209,222,135,123,1.00233093218106,106.156709994891,"success"
"beta1_y",0.498113530384146,0.0372451838084718,0.424910961428183,0.567099132253825,1.001300299684,106.156709994891,28,500,2209,222,135,123,1.00233093218106,106.156709994891,"success"
"beta2_y",0.906361578771246,0.064195264365154,0.780195198788063,1.03242338911875,1.0002663989908,1369.51123504125,28,500,2209,222,135,123,1.00233093218106,106.156709994891,"success"
"sigma_b0",0.930406120121104,0.071841535646436,0.790833332836418,1.07405934679631,1.00233093218106,1315.62904401081,28,500,2209,222,135,123,1.00233093218106,106.156709994891,"success"
"sigma_b1",0.618993144186776,0.0272970039118873,0.567706043774195,0.675010299242922,1.00035751830643,5821.31930334081,28,500,2209,222,135,123,1.00233093218106,106.156709994891,"success"
"rho",0.361305789507595,0.083194868523103,0.194646055003118,0.521480458115472,1.00017844317899,1591.82079012908,28,500,2209,222,135,123,1.00233093218106,106.156709994891,"success"
"sigma_y",1.0383118416594,0.0190449987450378,1.00153054019018,1.07625301599334,1.00070312769342,10478.7013299564,28,500,2209,222,135,123,1.00233093218106,106.156709994891,"success"
"lambda012",0.0807258617961529,0.00644702019881482,0.0685286438805369,0.0939508284918094,1.00001833785441,10450.2755189617,28,500,2209,222,135,123,1.00233093218106,106.156709994891,"success"
"lambda013",0.0356985156108482,0.00493671998298585,0.0265169421627463,0.045853879709314,1.00017054100715,7161.32379063457,28,500,2209,222,135,123,1.00233093218106,106.156709994891,"success"
"lambda023",0.103261591163317,0.0114919981384175,0.0815672899976143,0.12652818815754,1.00006910305591,9048.61657900116,28,500,2209,222,135,123,1.00233093218106,106.156709994891,"success"
"gamma12",-0.542672738609621,0.0758555526348035,-0.692191117947403,-0.394537742927948,0.999991808835174,11764.234225373,28,500,2209,222,135,123,1.00233093218106,106.156709994891,"success"
"gamma13",0.826347367530472,0.122826737054183,0.594800405026847,1.07624395287656,1.00010329868959,6296.23996965301,28,500,2209,222,135,123,1.00233093218106,106.156709994891,"success"
"gamma23",0.463652290447001,0.103961045523961,0.262755345362512,0.670546763839948,1.0000390763783,13368.7905863359,28,500,2209,222,135,123,1.00233093218106,106.156709994891,"success"
"alpha0_12",0.60395586127091,0.157614260684715,0.315546738300447,0.934932490469124,1.00088370358553,2240.91261209853,28,500,2209,222,135,123,1.00233093218106,106.156709994891,"success"
"alpha0_13",1.1724028707365,0.206048043580741,0.798710812888096,1.60658367766651,1.00014489931048,2380.93695152218,28,500,2209,222,135,123,1.00233093218106,106.156709994891,"success"
"alpha0_23",0.687348133973867,0.21126663425213,0.30382492864375,1.136713208094,1.00088985136634,3020.85697362135,28,500,2209,222,135,123,1.00233093218106,106.156709994891,"success"
"alpha1_12",0.117835956989568,0.168663580242765,-0.229781935958942,0.431919180883243,1.00014788443345,3589.54414594437,28,500,2209,222,135,123,1.00233093218106,106.156709994891,"success"
"alpha1_13",0.0440581550058291,0.266731163386872,-0.506420688845045,0.535707830829671,1.00090131319178,2443.78612916059,28,500,2209,222,135,123,1.00233093218106,106.156709994891,"success"
"alpha1_23",0.132870356914566,0.227017783833349,-0.334757853158426,0.556721589169862,1.00008412731408,3769.64491135455,28,500,2209,222,135,123,1.00233093218106,106.156709994891,"success"
"beta0_y",2.01469423192049,0.0746404543202642,1.86827982691043,2.15992733151092,1.00024528086261,1862.32949385598,29,500,2354,235,152,102,1.01175517830044,101.965367736962,"success"
"beta1_y",0.49550485221712,0.0352900177951647,0.429178059199369,0.567142688682038,1.01175517830044,101.965367736962,29,500,2354,235,152,102,1.01175517830044,101.965367736962,"success"
"beta2_y",0.890976579331618,0.0710760304774124,0.750798908629431,1.0315101200292,1.00138641039718,1121.42757933382,29,500,2354,235,152,102,1.01175517830044,101.965367736962,"success"
"sigma_b0",1.06672150933806,0.0666314377235078,0.940867703481634,1.2023485877802,1.00067455118677,2771.84318342264,29,500,2354,235,152,102,1.01175517830044,101.965367736962,"success"
"sigma_b1",0.568701665986041,0.0240839012516363,0.523665819234999,0.617963974124616,1.00015046007527,7953.38575324854,29,500,2354,235,152,102,1.01175517830044,101.965367736962,"success"
"rho",0.232614222150624,0.0739964161769486,0.0865329648201748,0.375837410367611,1.00001617061567,3201.54767767832,29,500,2354,235,152,102,1.01175517830044,101.965367736962,"success"
"sigma_y",1.01294686536298,0.0179108553587352,0.978433673663071,1.04875690543961,1.00000540955372,13357.973146419,29,500,2354,235,152,102,1.01175517830044,101.965367736962,"success"
"lambda012",0.0805297222116641,0.00604204793038899,0.0691445412695054,0.0927973353023044,1.00011425888107,12112.2255110675,29,500,2354,235,152,102,1.01175517830044,101.965367736962,"success"
"lambda013",0.0453878176790602,0.00494934766108263,0.0361601855014552,0.0555253824498856,1.00028236072538,8665.80613788372,29,500,2354,235,152,102,1.01175517830044,101.965367736962,"success"
"lambda023",0.0736880187685102,0.00866937049034661,0.0574792219993317,0.0914853024106882,1.000302553183,11654.9492966107,29,500,2354,235,152,102,1.01175517830044,101.965367736962,"success"
"gamma12",-0.444612861109471,0.077501147150139,-0.597174163008632,-0.292938893505164,1.00010645487291,18585.9854633265,29,500,2354,235,152,102,1.01175517830044,101.965367736962,"success"
"gamma13",0.709012592255835,0.0995062406515994,0.516306097462436,0.908217618269383,1.00001569905805,6728.31533929637,29,500,2354,235,152,102,1.01175517830044,101.965367736962,"success"
"gamma23",0.518537740681892,0.111889866262757,0.303469752575651,0.741170983352329,1.00007587657389,11558.7423492299,29,500,2354,235,152,102,1.01175517830044,101.965367736962,"success"
"alpha0_12",0.340112381769908,0.093192721095559,0.160522633506422,0.526837707057908,1.00028497398378,7060.29717145055,29,500,2354,235,152,102,1.01175517830044,101.965367736962,"success"
"alpha0_13",0.759876372810529,0.159788262092587,0.456485090303433,1.08581212914106,1.00000642350079,2706.97791483353,29,500,2354,235,152,102,1.01175517830044,101.965367736962,"success"
"alpha0_23",0.603635543513995,0.152110924921243,0.320856969471497,0.919494201225432,1.00110370440408,5494.63357063835,29,500,2354,235,152,102,1.01175517830044,101.965367736962,"success"
"alpha1_12",0.273176158119299,0.142403197767032,-0.00784240086738169,0.549223648598061,0.999994763895267,11662.1596987179,29,500,2354,235,152,102,1.01175517830044,101.965367736962,"success"
"alpha1_13",0.295490849273142,0.258003989733303,-0.229477477492311,0.786881298751877,1.00011920081838,1966.03446791841,29,500,2354,235,152,102,1.01175517830044,101.965367736962,"success"
"alpha1_23",0.247541929712077,0.254173053204264,-0.261748298979402,0.734836149552383,1.00007140041184,6764.8183539441,29,500,2354,235,152,102,1.01175517830044,101.965367736962,"success"
"beta0_y",1.92741749640605,0.0744124663854371,1.78297046234812,2.07601325978029,1.00065067064176,1976.87201480073,30,500,2260,241,142,131,1.01395134221965,85.5684249163415,"success"
"beta1_y",0.518182017064423,0.0372556053548858,0.449522959006983,0.596729718096516,1.01395134221965,85.5684249163415,30,500,2260,241,142,131,1.01395134221965,85.5684249163415,"success"
"beta2_y",0.951378144813728,0.072258099268975,0.809292151523211,1.09387399256279,1.00105459216014,1234.66627439128,30,500,2260,241,142,131,1.01395134221965,85.5684249163415,"success"
"sigma_b0",1.0069241292178,0.0677134565006328,0.877580571252473,1.14293144723097,1.00071512793736,1981.95325889297,30,500,2260,241,142,131,1.01395134221965,85.5684249163415,"success"
"sigma_b1",0.586716781967611,0.0257336095720902,0.539112611637482,0.640037919689057,1.00199323803349,5958.47640369904,30,500,2260,241,142,131,1.01395134221965,85.5684249163415,"success"
"rho",0.331045386164493,0.0765860613522067,0.177821795611152,0.477162758899989,1.00092815936798,2547.84613436647,30,500,2260,241,142,131,1.01395134221965,85.5684249163415,"success"
"sigma_y",1.00316643630419,0.018343329501137,0.967861308853208,1.03973961122135,1.00047092905444,12245.0082228618,30,500,2260,241,142,131,1.01395134221965,85.5684249163415,"success"
"lambda012",0.0837554821090319,0.00636269567526316,0.0717084637431235,0.0966968961726891,1.00009881561509,11895.857439001,30,500,2260,241,142,131,1.01395134221965,85.5684249163415,"success"
"lambda013",0.0411460403018272,0.00472457810654554,0.0323260458943969,0.0508349032559676,1.00023647194151,11177.4320659947,30,500,2260,241,142,131,1.01395134221965,85.5684249163415,"success"
"lambda023",0.105352292037996,0.0109025956088816,0.0846762114917164,0.127464363561667,1.00078055481551,9751.61309955793,30,500,2260,241,142,131,1.01395134221965,85.5684249163415,"success"
"gamma12",-0.452965693669533,0.0788434656690621,-0.606007264509911,-0.297495039245318,1.00028190818628,10097.1322498983,30,500,2260,241,142,131,1.01395134221965,85.5684249163415,"success"
"gamma13",0.745368218003386,0.10926692740537,0.532158143419554,0.961298778707082,1.00003504369489,10732.7363837388,30,500,2260,241,142,131,1.01395134221965,85.5684249163415,"success"
"gamma23",0.563847770412728,0.11247646969191,0.345187858462486,0.785281343242435,1.00007770977883,23186.5831081999,30,500,2260,241,142,131,1.01395134221965,85.5684249163415,"success"
"alpha0_12",0.545517171970554,0.11723093889725,0.329440725242887,0.791181326625086,1.00051373751172,3418.95402951475,30,500,2260,241,142,131,1.01395134221965,85.5684249163415,"success"
"alpha0_13",0.708192367843725,0.175273510712302,0.383424692224401,1.07356804271709,1.00389093135724,2367.89601588035,30,500,2260,241,142,131,1.01395134221965,85.5684249163415,"success"
"alpha0_23",0.38816510033845,0.167523678517178,0.075838723838447,0.73150115872575,1.00036984815084,4480.01398168788,30,500,2260,241,142,131,1.01395134221965,85.5684249163415,"success"
"alpha1_12",-0.0689153060932018,0.162228241587967,-0.397523315674222,0.23662394479691,1.00038652354278,5282.26462485282,30,500,2260,241,142,131,1.01395134221965,85.5684249163415,"success"
"alpha1_13",0.489317484323662,0.318839081440328,-0.169829020681945,1.08827317475272,1.00500974867014,1516.47424830324,30,500,2260,241,142,131,1.01395134221965,85.5684249163415,"success"
"alpha1_23",0.451442402669335,0.202266212376434,0.0426244067795033,0.837862211526634,1.00028009039998,6334.40733874758,30,500,2260,241,142,131,1.01395134221965,85.5684249163415,"success"
"beta0_y",1.94272925158941,0.0742256206064178,1.79865280229644,2.08842255323012,1.00170461548762,1941.6534912862,31,500,2255,254,141,134,1.02558704015113,115.375513884486,"success"
"beta1_y",0.552774836242856,0.0376952734288275,0.477037161399057,0.628359176969768,1.02558704015113,115.375513884486,31,500,2255,254,141,134,1.02558704015113,115.375513884486,"success"
"beta2_y",0.939431551662666,0.0695123657452301,0.802894868809058,1.07613360343736,1.00261002867408,1330.83187423285,31,500,2255,254,141,134,1.02558704015113,115.375513884486,"success"
"sigma_b0",0.936094323581999,0.0702268877613885,0.801240200513518,1.07782378154524,1.00010529120764,1773.97396982432,31,500,2255,254,141,134,1.02558704015113,115.375513884486,"success"
"sigma_b1",0.63201746736282,0.0277667037023285,0.580144820058506,0.688928044648507,1.00001939928976,5042.67598085959,31,500,2255,254,141,134,1.02558704015113,115.375513884486,"success"
"rho",0.325108143285734,0.0784371067775288,0.168533335746905,0.474300482544046,1.0002451793011,2785.50092504691,31,500,2255,254,141,134,1.02558704015113,115.375513884486,"success"
"sigma_y",1.03487592315018,0.0187843989801685,0.999020177737924,1.07257296022042,1.00000741780148,12602.4574992749,31,500,2255,254,141,134,1.02558704015113,115.375513884486,"success"
"lambda012",0.0851714523767257,0.00630706146916448,0.0732618082903889,0.0979246241443617,1.00000594555799,15719.302396246,31,500,2255,254,141,134,1.02558704015113,115.375513884486,"success"
"lambda013",0.0401721170769088,0.0046467069880566,0.0314665772599762,0.0496650990694633,1.00006420675649,12065.9495317729,31,500,2255,254,141,134,1.02558704015113,115.375513884486,"success"
"lambda023",0.0976516342722647,0.0109856376419739,0.0770323573942332,0.11998016463503,1.00017729882199,9874.23842223756,31,500,2255,254,141,134,1.02558704015113,115.375513884486,"success"
"gamma12",-0.509601135137937,0.075152467879458,-0.656350413037878,-0.361780269047327,1.0002233130667,18874.432779751,31,500,2255,254,141,134,1.02558704015113,115.375513884486,"success"
"gamma13",0.868636268844518,0.10522789980874,0.667228338577226,1.08075718812773,1.00005392954695,7878.87039307641,31,500,2255,254,141,134,1.02558704015113,115.375513884486,"success"
"gamma23",0.216996594290084,0.110853442701196,0.0028785156522132,0.435486658531629,1.00003510131414,14338.4223478926,31,500,2255,254,141,134,1.02558704015113,115.375513884486,"success"
"alpha0_12",0.359295988846003,0.115669880247297,0.140339723966684,0.594778691756989,1.00008010955809,4702.67546709326,31,500,2255,254,141,134,1.02558704015113,115.375513884486,"success"
"alpha0_13",0.725246914440329,0.218679608955835,0.306892722670087,1.16757173747658,1.00137723646587,1909.38236154153,31,500,2255,254,141,134,1.02558704015113,115.375513884486,"success"
"alpha0_23",0.654638966967163,0.218733212089159,0.24821742639434,1.11008888751649,1.00230909245936,2718.7194155446,31,500,2255,254,141,134,1.02558704015113,115.375513884486,"success"
"alpha1_12",0.163052971933443,0.13275197537774,-0.101902371884518,0.41963923013619,0.999994833804043,7703.42048072896,31,500,2255,254,141,134,1.02558704015113,115.375513884486,"success"
"alpha1_13",0.410082294683261,0.245119528712781,-0.0839782171834973,0.881428016969735,1.00101112899514,2018.57807919273,31,500,2255,254,141,134,1.02558704015113,115.375513884486,"success"
"alpha1_23",0.267946726038626,0.222016088186424,-0.18146414105529,0.690392231316398,1.00122809010058,4195.36426629669,31,500,2255,254,141,134,1.02558704015113,115.375513884486,"success"
"beta0_y",1.96420548575739,0.0715756964013282,1.82556399547195,2.10623145929579,1.00342759875424,2123.45171362053,32,500,2155,215,168,110,1.06567989614781,81.675288689594,"success"
"beta1_y",0.558195559488012,0.0413219390870909,0.484839631342444,0.645992043682873,1.06567989614781,81.675288689594,32,500,2155,215,168,110,1.06567989614781,81.675288689594,"success"
"beta2_y",1.10348168517672,0.0669957267594991,0.971293328243215,1.23328273564855,1.01210149010957,1348.96722570925,32,500,2155,215,168,110,1.06567989614781,81.675288689594,"success"
"sigma_b0",0.967301170504507,0.0657915483786818,0.840549203212024,1.09924079461097,1.00000362647316,2069.62635688675,32,500,2155,215,168,110,1.06567989614781,81.675288689594,"success"
"sigma_b1",0.637205327590969,0.0285510624401895,0.584066070935744,0.696032204066787,1.00565726067172,3686.2179638465,32,500,2155,215,168,110,1.06567989614781,81.675288689594,"success"
"rho",0.282750147076733,0.0756153124029829,0.132334450390219,0.428550265029726,1.00020627691675,3112.60471505607,32,500,2155,215,168,110,1.06567989614781,81.675288689594,"success"
"sigma_y",0.994273181208457,0.0185465668476104,0.958530609062551,1.03132306712133,1.00019347532667,11552.4353661886,32,500,2155,215,168,110,1.06567989614781,81.675288689594,"success"
"lambda012",0.0788461999363756,0.00615857538726935,0.0673086925968485,0.0915153913002855,1.00156589443706,8548.22638091627,32,500,2155,215,168,110,1.06567989614781,81.675288689594,"success"
"lambda013",0.0493305751775013,0.00556916491965759,0.0389591747067378,0.0607228285699786,1.00160248106696,6156.04673407115,32,500,2155,215,168,110,1.06567989614781,81.675288689594,"success"
"lambda023",0.097683295054847,0.0124307595927756,0.0744334685637989,0.123317705507057,1.00040891697278,7017.72001421153,32,500,2155,215,168,110,1.06567989614781,81.675288689594,"success"
"gamma12",-0.396400734607583,0.0774038350866093,-0.548074965669526,-0.245573756713064,1.00043412775594,16228.3966836758,32,500,2155,215,168,110,1.06567989614781,81.675288689594,"success"
"gamma13",0.755381400863389,0.10217253725442,0.556422941670397,0.956415582351952,1.00183596856268,8135.33934767114,32,500,2155,215,168,110,1.06567989614781,81.675288689594,"success"
"gamma23",0.596966442833615,0.116769569930118,0.375197999169116,0.833328191956055,1.00132149880723,7136.64787626957,32,500,2155,215,168,110,1.06567989614781,81.675288689594,"success"
"alpha0_12",0.424671855552403,0.119632536262031,0.19725716064592,0.670752026749854,1.0000512430947,4296.95755428346,32,500,2155,215,168,110,1.06567989614781,81.675288689594,"success"
"alpha0_13",0.829740202433584,0.15605687365261,0.539628267409273,1.15150876308593,1.00352320687689,3385.01275941572,32,500,2155,215,168,110,1.06567989614781,81.675288689594,"success"
"alpha0_23",0.906174144419884,0.219548853508926,0.498935127345824,1.35652876618968,1.00116451541001,3040.09668356088,32,500,2155,215,168,110,1.06567989614781,81.675288689594,"success"
"alpha1_12",0.338223138459366,0.139424099837144,0.0604380537728015,0.606917246039472,1.00071898508998,7147.6398925657,32,500,2155,215,168,110,1.06567989614781,81.675288689594,"success"
"alpha1_13",0.654481824858179,0.210081195377566,0.229485804699297,1.05566356933717,1.01544515796758,2716.96699105161,32,500,2155,215,168,110,1.06567989614781,81.675288689594,"success"
"alpha1_23",0.238689914111109,0.219046855620399,-0.20922016138756,0.651996197320904,1.00182703617899,4944.83105484911,32,500,2155,215,168,110,1.06567989614781,81.675288689594,"success"
"beta0_y",2.00804522860624,0.0730122632119058,1.86483474365846,2.15282944341869,1.00084158786327,1968.20511397398,33,500,2308,246,133,110,1.00615339107344,122.562496869105,"success"
"beta1_y",0.506593589878421,0.0328507012787714,0.439097150089343,0.569604396038046,1.00615339107344,122.562496869105,33,500,2308,246,133,110,1.00615339107344,122.562496869105,"success"
"beta2_y",0.938228195158231,0.065086906562519,0.81037509615021,1.06461364086685,1.00017853258017,1132.24427327039,33,500,2308,246,133,110,1.00615339107344,122.562496869105,"success"
"sigma_b0",1.04060341290485,0.0645279056944135,0.91754502882261,1.17032606721684,1.00001088849162,2593.84443094627,33,500,2308,246,133,110,1.00615339107344,122.562496869105,"success"
"sigma_b1",0.595591194620094,0.0251133209834088,0.54858081268487,0.647269790916496,1.00022863810787,6366.71863978898,33,500,2308,246,133,110,1.00615339107344,122.562496869105,"success"
"rho",0.243621793673428,0.0750917147040264,0.0948623757224737,0.389769962215401,1.00143304563539,3496.24549496962,33,500,2308,246,133,110,1.00615339107344,122.562496869105,"success"
"sigma_y",0.976635788795147,0.0175745068023252,0.942850629604797,1.0117400901861,1.00070204828458,13141.2997357059,33,500,2308,246,133,110,1.00615339107344,122.562496869105,"success"
"lambda012",0.0863767618266977,0.00636325041426863,0.0743614433074453,0.0992970689723576,1.0004814404518,13601.1459866555,33,500,2308,246,133,110,1.00615339107344,122.562496869105,"success"
"lambda013",0.0380473283555044,0.00469623459657264,0.0293243322138299,0.0478007368065594,1.00004598677131,9691.5011940572,33,500,2308,246,133,110,1.00615339107344,122.562496869105,"success"
"lambda023",0.0760594286161201,0.00824821267852977,0.0606584612951814,0.0929290326046135,1.00006053126775,13537.1265266763,33,500,2308,246,133,110,1.00615339107344,122.562496869105,"success"
"gamma12",-0.472990495470841,0.0696529450253108,-0.609784271411701,-0.336150155966521,1.00019479395088,16001.2964597397,33,500,2308,246,133,110,1.00615339107344,122.562496869105,"success"
"gamma13",0.789537585055212,0.102651802160466,0.591399595555803,0.992711816146531,1.00031108833823,8891.94766020975,33,500,2308,246,133,110,1.00615339107344,122.562496869105,"success"
"gamma23",0.496503824620769,0.104920100915161,0.293716031738908,0.706289283177813,1.00000866417191,20378.0684832184,33,500,2308,246,133,110,1.00615339107344,122.562496869105,"success"
"alpha0_12",0.373975404032977,0.0995487343929179,0.184202059075304,0.575044817726681,1.00023290966936,5729.43106540224,33,500,2308,246,133,110,1.00615339107344,122.562496869105,"success"
"alpha0_13",0.735320101143945,0.17087155179943,0.408275852959997,1.07779952006433,1.00054497689374,3065.19613728757,33,500,2308,246,133,110,1.00615339107344,122.562496869105,"success"
"alpha0_23",0.455299646322625,0.143828015773315,0.182464698458262,0.746562166474502,1.00101322304436,6739.02004191203,33,500,2308,246,133,110,1.00615339107344,122.562496869105,"success"
"alpha1_12",0.15800081563902,0.13289873082451,-0.105842661754115,0.415475159310093,1.00003095057835,9956.10200358986,33,500,2308,246,133,110,1.00615339107344,122.562496869105,"success"
"alpha1_13",0.58254818161094,0.248871350052016,0.0773033983820132,1.05523027939934,1.0001176289697,2799.52384306064,33,500,2308,246,133,110,1.00615339107344,122.562496869105,"success"
"alpha1_23",0.387452531753238,0.220675858568337,-0.0523946524603413,0.813230668737155,1.00049404789784,9173.1813825669,33,500,2308,246,133,110,1.00615339107344,122.562496869105,"success"
"beta0_y",1.96993900335898,0.0721681972829353,1.82577085755275,2.11224984735797,1.00016570574919,1967.44870128308,34,500,2322,233,149,125,1.06694276298229,73.2203533498228,"success"
"beta1_y",0.469989233053848,0.0437165535521592,0.387117112330811,0.553185760772586,1.06694276298229,73.2203533498228,34,500,2322,233,149,125,1.06694276298229,73.2203533498228,"success"
"beta2_y",0.859029958282432,0.0647759192413087,0.730521620089638,0.985513731139078,1.00081318737841,1262.62065710463,34,500,2322,233,149,125,1.06694276298229,73.2203533498228,"success"
"sigma_b0",0.984358845156866,0.0698956621094879,0.85037323954959,1.12538870182568,1.00034670755263,2045.15028958093,34,500,2322,233,149,125,1.06694276298229,73.2203533498228,"success"
"sigma_b1",0.608443293860697,0.0258952892535693,0.560084217274,0.661705857217088,1.00115509550651,6478.66350581141,34,500,2322,233,149,125,1.06694276298229,73.2203533498228,"success"
"rho",0.168372820737811,0.0793799895196442,0.0100855274603561,0.320922358937322,1.00330499225019,3285.76439751496,34,500,2322,233,149,125,1.06694276298229,73.2203533498228,"success"
"sigma_y",1.0254808669068,0.0183461268859008,0.990188200480337,1.06237696547687,1.00020001592056,12892.3272111199,34,500,2322,233,149,125,1.06694276298229,73.2203533498228,"success"
"lambda012",0.0738933652930076,0.00581564980799483,0.0629922886027897,0.0857634488630106,1.00085117511886,13562.9807257724,34,500,2322,233,149,125,1.06694276298229,73.2203533498228,"success"
"lambda013",0.0395832611859988,0.00471818137982699,0.0307727163328338,0.049242516836948,1.00047276407525,9847.30883881369,34,500,2322,233,149,125,1.06694276298229,73.2203533498228,"success"
"lambda023",0.104889664195833,0.0121158872195465,0.0823860198730948,0.129707794728903,1.00159365341795,9333.73554769936,34,500,2322,233,149,125,1.06694276298229,73.2203533498228,"success"
"gamma12",-0.625536344142732,0.0747644301239411,-0.771478335645209,-0.479662497742499,1.00051517792266,13167.1015838028,34,500,2322,233,149,125,1.06694276298229,73.2203533498228,"success"
"gamma13",0.741988644444178,0.109640651456567,0.533541131116223,0.962859215904996,1.00036627250401,7174.85993145758,34,500,2322,233,149,125,1.06694276298229,73.2203533498228,"success"
"gamma23",0.62178981920552,0.124092553245028,0.383420317558496,0.870063422972867,1.00028721110937,12056.3087865713,34,500,2322,233,149,125,1.06694276298229,73.2203533498228,"success"
"alpha0_12",0.446047538180207,0.107887235988214,0.242457263558896,0.666437463396511,1.0000454242154,5194.87336144556,34,500,2322,233,149,125,1.06694276298229,73.2203533498228,"success"
"alpha0_13",0.852470145456174,0.180927126987023,0.512472402541907,1.22802106152719,1.00090766670697,2536.75249971352,34,500,2322,233,149,125,1.06694276298229,73.2203533498228,"success"
"alpha0_23",0.767999497763699,0.170527794660374,0.453537969662298,1.12518375347161,1.0021008462571,4432.92089840003,34,500,2322,233,149,125,1.06694276298229,73.2203533498228,"success"
"alpha1_12",0.119844661164789,0.13511076889705,-0.148572244965645,0.382122372720891,1.00009513573801,10340.5432379166,34,500,2322,233,149,125,1.06694276298229,73.2203533498228,"success"
"alpha1_13",0.23381696084354,0.228455449291032,-0.221832189393381,0.672118496997511,1.00621450766031,1920.49842447215,34,500,2322,233,149,125,1.06694276298229,73.2203533498228,"success"
"alpha1_23",0.219500523823316,0.207512808312935,-0.199805321902535,0.616091855407828,1.00160135734688,6191.48112480564,34,500,2322,233,149,125,1.06694276298229,73.2203533498228,"success"
"beta0_y",1.90815624514105,0.0666661887179777,1.77856537273501,2.03861084900124,1.00206391938128,2684.66074495196,35,500,2214,220,146,127,1.06719193388825,120.740799244489,"success"
"beta1_y",0.494937282709971,0.0359698384086273,0.419563764618994,0.562672656069078,1.06719193388825,120.740799244489,35,500,2214,220,146,127,1.06719193388825,120.740799244489,"success"
"beta2_y",0.864490921045119,0.0634019121423278,0.740663282875133,0.989168568078423,1.0028236809295,1586.91909094529,35,500,2214,220,146,127,1.06719193388825,120.740799244489,"success"
"sigma_b0",0.836108979938452,0.0675391207975913,0.705967441054724,0.969904209690922,1.0022323516851,1464.55384686096,35,500,2214,220,146,127,1.06719193388825,120.740799244489,"success"
"sigma_b1",0.632363651999286,0.0274209014174663,0.581434936486352,0.688979856139073,1.00095010604668,5530.69847829392,35,500,2214,220,146,127,1.06719193388825,120.740799244489,"success"
"rho",0.35566469038397,0.0851669096398166,0.186683625667405,0.518990019934225,1.00005239906725,1775.56581636971,35,500,2214,220,146,127,1.06719193388825,120.740799244489,"success"
"sigma_y",1.01164546691411,0.0185312246469011,0.976000891297937,1.04877284850068,1.00007181731218,9480.93677917127,35,500,2214,220,146,127,1.06719193388825,120.740799244489,"success"
"lambda012",0.0719442253331067,0.0056770814905471,0.0613323291089523,0.0835019654935771,1.00024783115617,14196.0534701124,35,500,2214,220,146,127,1.06719193388825,120.740799244489,"success"
"lambda013",0.0367473726894803,0.00435574262537587,0.0286486642047323,0.0457016495165322,1.00119771747431,10738.1315063234,35,500,2214,220,146,127,1.06719193388825,120.740799244489,"success"
"lambda023",0.112756902148874,0.0124713250223136,0.0889874321549106,0.137907705667224,1.00122546008767,11314.9061738768,35,500,2214,220,146,127,1.06719193388825,120.740799244489,"success"
"gamma12",-0.607299681301371,0.0814749075861673,-0.768375257561048,-0.448829395978967,1.00036840108634,17181.9384985885,35,500,2214,220,146,127,1.06719193388825,120.740799244489,"success"
"gamma13",0.728377890191723,0.100259091995869,0.53416876949759,0.926519133071644,1.00017339133331,9611.67322027206,35,500,2214,220,146,127,1.06719193388825,120.740799244489,"success"
"gamma23",0.336834743720138,0.10553473401081,0.131498911962534,0.545968869505164,1.00024178433988,16935.9703723055,35,500,2214,220,146,127,1.06719193388825,120.740799244489,"success"
"alpha0_12",0.542267359242385,0.155498501267142,0.255477037880798,0.86922185196168,1.00135755261812,3250.55394175824,35,500,2214,220,146,127,1.06719193388825,120.740799244489,"success"
"alpha0_13",0.823431577226988,0.237670538050739,0.377841609299325,1.30940469490347,1.00124147854394,2078.62779615812,35,500,2214,220,146,127,1.06719193388825,120.740799244489,"success"
"alpha0_23",0.737776211705029,0.243801220997429,0.277789404534338,1.24137783800875,1.00027469711004,2834.91941539685,35,500,2214,220,146,127,1.06719193388825,120.740799244489,"success"
"alpha1_12",0.136641623590085,0.144263052396064,-0.15990225573736,0.406524006146075,1.00061998517818,5156.05846577992,35,500,2214,220,146,127,1.06719193388825,120.740799244489,"success"
"alpha1_13",0.542462388303869,0.248161689820266,0.0409102575859252,1.01387840971068,1.00462337924367,2125.11637725327,35,500,2214,220,146,127,1.06719193388825,120.740799244489,"success"
"alpha1_23",-0.0136341480464296,0.229301432123565,-0.481897533550523,0.419733855302079,1.00025930312744,3985.78121743803,35,500,2214,220,146,127,1.06719193388825,120.740799244489,"success"
"beta0_y",1.98959232101802,0.0722501019195787,1.84943070546411,2.13219495429947,1.00020888179998,2054.99627320532,36,500,2260,237,152,125,1.00923280843497,104.880141221886,"success"
"beta1_y",0.50146185328331,0.0383357846866317,0.426682856322667,0.577955531085233,1.00923280843497,104.880141221886,36,500,2260,237,152,125,1.00923280843497,104.880141221886,"success"
"beta2_y",1.05327139113508,0.0699174830181901,0.915289111504609,1.18862967457848,1.00167230059552,1212.03425700725,36,500,2260,237,152,125,1.00923280843497,104.880141221886,"success"
"sigma_b0",1.0127711694613,0.068605918055281,0.88167276037333,1.15101666381496,1.00248717635341,2085.32863565053,36,500,2260,237,152,125,1.00923280843497,104.880141221886,"success"
"sigma_b1",0.578453999843565,0.0253816893427801,0.530993169877461,0.630707349842494,1.00000829830705,6456.86029510231,36,500,2260,237,152,125,1.00923280843497,104.880141221886,"success"
"rho",0.269451687592353,0.08099406961758,0.107286413769199,0.424909620480165,1.00077971533067,2283.6564744402,36,500,2260,237,152,125,1.00923280843497,104.880141221886,"success"
"sigma_y",1.02178840186612,0.0186528669584507,0.985953413422587,1.05898618989558,1.00005667455046,11109.8301440327,36,500,2260,237,152,125,1.00923280843497,104.880141221886,"success"
"lambda012",0.0823795008326493,0.00605639244919884,0.0709995648431159,0.0947057373909864,1.00001103972242,15846.9910013221,36,500,2260,237,152,125,1.00923280843497,104.880141221886,"success"
"lambda013",0.0440835091591415,0.00487753777716748,0.0349968955047903,0.0540250487405483,1.00013226098153,9205.85027382786,36,500,2260,237,152,125,1.00923280843497,104.880141221886,"success"
"lambda023",0.0992669250295072,0.0110262172693158,0.0782719537417839,0.121564645717551,1.00014609422215,9796.27376324141,36,500,2260,237,152,125,1.00923280843497,104.880141221886,"success"
"gamma12",-0.4375403974073,0.0759598576473361,-0.586880560401924,-0.288948752251772,1.0001278916597,15093.5955139936,36,500,2260,237,152,125,1.00923280843497,104.880141221886,"success"
"gamma13",0.722523958919631,0.0992279096930639,0.529147525968747,0.920502130604485,1.00010205223988,7788.84715906822,36,500,2260,237,152,125,1.00923280843497,104.880141221886,"success"
"gamma23",0.432573260634346,0.11755338730471,0.206167322588983,0.66591599861047,1.00018024074418,14284.5392154961,36,500,2260,237,152,125,1.00923280843497,104.880141221886,"success"
"alpha0_12",0.439405694637469,0.107655301807333,0.236579205779289,0.659280807968344,1.00032148556483,4592.81667821606,36,500,2260,237,152,125,1.00923280843497,104.880141221886,"success"
"alpha0_13",0.755879092380253,0.140289163952559,0.4886941772183,1.0399678898327,1.00009227288567,4642.75422238411,36,500,2260,237,152,125,1.00923280843497,104.880141221886,"success"
"alpha0_23",0.624699066180501,0.198873365066472,0.255701729288776,1.03736406482441,1.00054479131602,2940.00344060133,36,500,2260,237,152,125,1.00923280843497,104.880141221886,"success"
"alpha1_12",0.0116642823873,0.151995674827624,-0.2949181098983,0.303310047610093,1.00031549103378,6673.87721539139,36,500,2260,237,152,125,1.00923280843497,104.880141221886,"success"
"alpha1_13",0.441651219609453,0.226799158002439,-0.0206408554334806,0.871594656318058,1.00077731124314,3221.2866550063,36,500,2260,237,152,125,1.00923280843497,104.880141221886,"success"
"alpha1_23",0.096682615696586,0.241301643382775,-0.392846825989599,0.550497930021798,1.00109467076252,3876.91145047522,36,500,2260,237,152,125,1.00923280843497,104.880141221886,"success"
"beta0_y",2.05344303923196,0.0760439273813696,1.90579372962552,2.2054756715415,1.00327407831577,1921.0558413767,37,500,2163,226,154,112,1.00327407831577,76.5283212629503,"success"
"beta1_y",0.434394160284377,0.0445448634156259,0.349411207950599,0.519470456297211,1.00065791740327,76.5283212629503,37,500,2163,226,154,112,1.00327407831577,76.5283212629503,"success"
"beta2_y",1.03530347116595,0.078128765852903,0.883255688390818,1.18951088286909,1.00091307572739,1088.26087990294,37,500,2163,226,154,112,1.00327407831577,76.5283212629503,"success"
"sigma_b0",1.0730088898436,0.0716401986050503,0.93501156248875,1.21614887504394,1.00073709242324,2053.75883031703,37,500,2163,226,154,112,1.00327407831577,76.5283212629503,"success"
"sigma_b1",0.645697244025642,0.0288998169843777,0.591757699923299,0.705247828572834,1.00085676295869,5837.78906818288,37,500,2163,226,154,112,1.00327407831577,76.5283212629503,"success"
"rho",0.335688343019352,0.0795541581701493,0.176918529488311,0.487536776944907,1.00153788226494,2207.51833241857,37,500,2163,226,154,112,1.00327407831577,76.5283212629503,"success"
"sigma_y",1.00954307200299,0.0187888070867122,0.97345064397282,1.04707415375072,1.0000746082734,12211.239223114,37,500,2163,226,154,112,1.00327407831577,76.5283212629503,"success"
"lambda012",0.0819207476010495,0.00637000400309926,0.0699668979478623,0.09490775804035,1.00021706304156,9874.1644614778,37,500,2163,226,154,112,1.00327407831577,76.5283212629503,"success"
"lambda013",0.0479568924565335,0.00539058528040781,0.0377504613618894,0.058860088023919,1.00071311134521,7179.08333202021,37,500,2163,226,154,112,1.00327407831577,76.5283212629503,"success"
"lambda023",0.0933295764144151,0.0104786787290689,0.0736903967641501,0.114562596477464,1.00021461003099,13480.2463544032,37,500,2163,226,154,112,1.00327407831577,76.5283212629503,"success"
"gamma12",-0.414073396400048,0.0808837595054378,-0.571523239031018,-0.255327357415065,0.999990404173697,13436.1265887931,37,500,2163,226,154,112,1.00327407831577,76.5283212629503,"success"
"gamma13",0.893473573348477,0.114677759058809,0.675224932160278,1.12459983690948,1.00035223671015,6478.22201206429,37,500,2163,226,154,112,1.00327407831577,76.5283212629503,"success"
"gamma23",0.580061010898444,0.115697598290116,0.355610496162907,0.809737344002136,1.0001237958397,18545.5511980843,37,500,2163,226,154,112,1.00327407831577,76.5283212629503,"success"
"alpha0_12",0.403248189169134,0.104765475035982,0.207283320320502,0.617808945273586,1.00026805587485,4202.69465121852,37,500,2163,226,154,112,1.00327407831577,76.5283212629503,"success"
"alpha0_13",0.80402003056639,0.163739138511189,0.505164801769583,1.14486306373406,1.00072836267593,2047.65919379177,37,500,2163,226,154,112,1.00327407831577,76.5283212629503,"success"
"alpha0_23",0.430549291787157,0.176631944384533,0.0993944713875545,0.795637016246161,1.0009683633504,4259.15663511823,37,500,2163,226,154,112,1.00327407831577,76.5283212629503,"success"
"alpha1_12",0.19083486949126,0.145042885882626,-0.0993014912339922,0.470145623521036,1.00027397917986,5392.87300921866,37,500,2163,226,154,112,1.00327407831577,76.5283212629503,"success"
"alpha1_13",0.0347042686196355,0.298108174432521,-0.572500125520432,0.597728909399789,1.00026296096436,1316.5073665252,37,500,2163,226,154,112,1.00327407831577,76.5283212629503,"success"
"alpha1_23",0.288529558423966,0.237231197289868,-0.186650163454387,0.741236780374294,1.00129491066076,4824.81675436859,37,500,2163,226,154,112,1.00327407831577,76.5283212629503,"success"
"beta0_y",1.97014108024106,0.0729963253680214,1.82651662512309,2.11301343493021,1.00055241443513,2060.30293731895,38,500,2181,219,167,118,1.0434729377944,94.4612630915891,"success"
"beta1_y",0.499898661954444,0.0402380072331327,0.414357238389376,0.578779227853731,1.0434729377944,94.4612630915891,38,500,2181,219,167,118,1.0434729377944,94.4612630915891,"success"
"beta2_y",0.965419219896741,0.0668843488522251,0.833296801109358,1.09509309290663,1.00120308097503,1315.08838327608,38,500,2181,219,167,118,1.0434729377944,94.4612630915891,"success"
"sigma_b0",0.968333637474202,0.0675234844522338,0.839197860184897,1.10322015976124,1.00006747598529,1953.42332004301,38,500,2181,219,167,118,1.0434729377944,94.4612630915891,"success"
"sigma_b1",0.60912145461749,0.026088409863138,0.560133146512315,0.662464937284921,1.00177295740682,6413.80433228355,38,500,2181,219,167,118,1.0434729377944,94.4612630915891,"success"
"rho",0.280641660350001,0.0809376870574019,0.119513388507307,0.437333616220383,1.00036409804796,2439.52575350309,38,500,2181,219,167,118,1.0434729377944,94.4612630915891,"success"
"sigma_y",0.998419387088905,0.0186096670488339,0.96290266147215,1.03580604418983,0.999997418702577,11687.8227103056,38,500,2181,219,167,118,1.0434729377944,94.4612630915891,"success"
"lambda012",0.0723601810832298,0.00595079242127236,0.0612315094985142,0.0844700241258485,1.00092678559092,14229.4632973341,38,500,2181,219,167,118,1.0434729377944,94.4612630915891,"success"
"lambda013",0.050380771162569,0.00515777069844745,0.0407621465159242,0.0609977742980427,1.00114627396291,12103.2492176837,38,500,2181,219,167,118,1.0434729377944,94.4612630915891,"success"
"lambda023",0.111010030454432,0.01295455757337,0.086798607210674,0.137391663237707,1.00116609384322,9899.98768744623,38,500,2181,219,167,118,1.0434729377944,94.4612630915891,"success"
"gamma12",-0.701541779479825,0.0797573458514215,-0.857173213811102,-0.544149105725756,1.00027846576015,15166.59252936,38,500,2181,219,167,118,1.0434729377944,94.4612630915891,"success"
"gamma13",0.763607040660354,0.0961064486655833,0.575457058802149,0.952307033770427,1.00004992338026,15840.9648392101,38,500,2181,219,167,118,1.0434729377944,94.4612630915891,"success"
"gamma23",0.666951410307359,0.114189213217526,0.449472810177312,0.896325117946149,1.00043799019004,12322.8362746378,38,500,2181,219,167,118,1.0434729377944,94.4612630915891,"success"
"alpha0_12",0.478090147032783,0.131654124281216,0.230430386905484,0.749830995181488,1.00024916779999,3640.88000973243,38,500,2181,219,167,118,1.0434729377944,94.4612630915891,"success"
"alpha0_13",0.608914092266709,0.159831123340378,0.299466394382074,0.930952452831869,1.0006265063753,2898.03657504579,38,500,2181,219,167,118,1.0434729377944,94.4612630915891,"success"
"alpha0_23",0.664530678153059,0.180488251766677,0.327280416900492,1.04013868868626,1.00121436168647,3772.15620109329,38,500,2181,219,167,118,1.0434729377944,94.4612630915891,"success"
"alpha1_12",0.13359902381238,0.147660856287462,-0.162259960956369,0.416681677489783,1.0006502510831,5595.57076142883,38,500,2181,219,167,118,1.0434729377944,94.4612630915891,"success"
"alpha1_13",0.352762720573131,0.230858493764713,-0.110189688899766,0.796496915808324,1.00341798945105,1975.0684154914,38,500,2181,219,167,118,1.0434729377944,94.4612630915891,"success"
"alpha1_23",0.136282678327876,0.215472366984745,-0.291692557479328,0.553384139210983,1.00210005540602,5334.13659165986,38,500,2181,219,167,118,1.0434729377944,94.4612630915891,"success"
"beta0_y",1.97059030624272,0.0704920614026269,1.83374717916361,2.11021372876386,1.00014700323973,2218.20972205676,39,500,2239,232,137,112,1.11969149576754,158.402510793739,"success"
"beta1_y",0.424497559270942,0.0317541735338673,0.360364380599959,0.481379722499618,1.11969149576754,158.402510793739,39,500,2239,232,137,112,1.11969149576754,158.402510793739,"success"
"beta2_y",0.977657729508508,0.069468149888688,0.839333886112731,1.11197852499674,1.00265554961014,1213.39709459485,39,500,2239,232,137,112,1.11969149576754,158.402510793739,"success"
"sigma_b0",0.981960247311685,0.0661737113391807,0.856804613143114,1.11636179100091,1.00122809187794,2235.16246282289,39,500,2239,232,137,112,1.11969149576754,158.402510793739,"success"
"sigma_b1",0.60141161986131,0.0251426134952405,0.554157662878308,0.652857659580493,1.00042418546226,9569.41805534303,39,500,2239,232,137,112,1.11969149576754,158.402510793739,"success"
"rho",0.276096465766939,0.0769138766278531,0.121708540775227,0.423897415490268,1.0032061579337,2623.29565492647,39,500,2239,232,137,112,1.11969149576754,158.402510793739,"success"
"sigma_y",1.00536513095041,0.0181995054832153,0.970579905635417,1.04202927333399,1.0000999863561,14443.2342362027,39,500,2239,232,137,112,1.11969149576754,158.402510793739,"success"
"lambda012",0.0774956498333588,0.0059864260961064,0.0661676092289547,0.0896851686362246,1.00104855503084,12243.9938967949,39,500,2239,232,137,112,1.11969149576754,158.402510793739,"success"
"lambda013",0.0374131570079843,0.00454749501318124,0.0288695815255908,0.0467349443467781,1.00038581257296,10479.8403631507,39,500,2239,232,137,112,1.11969149576754,158.402510793739,"success"
"lambda023",0.0897411400779598,0.0102722768079021,0.0704027115718033,0.110710289945319,1.00008394462977,16626.4392170684,39,500,2239,232,137,112,1.11969149576754,158.402510793739,"success"
"gamma12",-0.424573390799594,0.075688817623964,-0.573748075915284,-0.277791293468464,0.999993886372068,10672.8365190784,39,500,2239,232,137,112,1.11969149576754,158.402510793739,"success"
"gamma13",0.780961356780654,0.10978237796799,0.569431708960185,0.999104858659289,1.00005973531931,8147.92887062998,39,500,2239,232,137,112,1.11969149576754,158.402510793739,"success"
"gamma23",0.46945591765102,0.115602737016757,0.243872576913171,0.699154591069109,1.00037925187511,18853.8713916653,39,500,2239,232,137,112,1.11969149576754,158.402510793739,"success"
"alpha0_12",0.564269771783125,0.11800940592412,0.342824297242004,0.806697700257804,1.00053637500272,4461.03474633758,39,500,2239,232,137,112,1.11969149576754,158.402510793739,"success"
"alpha0_13",0.913331172841822,0.180543085882961,0.573695430299017,1.28435396976653,1.00000335793261,2761.13689654331,39,500,2239,232,137,112,1.11969149576754,158.402510793739,"success"
"alpha0_23",0.552991957450797,0.15780282817244,0.252708768071939,0.876044129887401,1.00011405561153,6729.0707593032,39,500,2239,232,137,112,1.11969149576754,158.402510793739,"success"
"alpha1_12",0.0357715467609846,0.145392065471337,-0.254352634830909,0.317095161653732,1.00037265220782,7273.59436273895,39,500,2239,232,137,112,1.11969149576754,158.402510793739,"success"
"alpha1_13",0.0751030720438181,0.275006310950085,-0.486575904632595,0.591071948853703,1.00870887465992,2614.54319778712,39,500,2239,232,137,112,1.11969149576754,158.402510793739,"success"
"alpha1_23",0.086803011711903,0.211618714480556,-0.334380768428795,0.492970499535063,1.00057215254985,11156.6777962187,39,500,2239,232,137,112,1.11969149576754,158.402510793739,"success"
"beta0_y",2.12230836613667,0.0739938649616463,1.97704648196131,2.26941602268819,1.00049055666742,1948.1924645371,40,500,2228,249,151,136,1.0072750650368,90.2431890103246,"success"
"beta1_y",0.463936613197699,0.0395661880778857,0.388661646304828,0.543862973307994,1.0072750650368,90.2431890103246,40,500,2228,249,151,136,1.0072750650368,90.2431890103246,"success"
"beta2_y",1.05029983531773,0.0769029203177681,0.90132830280915,1.20058584921695,1.00159162805038,1086.69351147138,40,500,2228,249,151,136,1.0072750650368,90.2431890103246,"success"
"sigma_b0",1.03328533677089,0.0700446582624875,0.901151935359463,1.17554126092217,1.0001102895634,2206.92519036123,40,500,2228,249,151,136,1.0072750650368,90.2431890103246,"success"
"sigma_b1",0.610362975171968,0.0259143290786115,0.561720285898515,0.663185928006117,1.00006342063741,8702.00294408333,40,500,2228,249,151,136,1.0072750650368,90.2431890103246,"success"
"rho",0.196834265122709,0.0764944310566901,0.045385875044793,0.345147459087891,1.00016637524041,3689.71215943872,40,500,2228,249,151,136,1.0072750650368,90.2431890103246,"success"
"sigma_y",1.00443722467578,0.0185330852695177,0.968996195997301,1.04120160328559,1.00001369183319,12720.4868424955,40,500,2228,249,151,136,1.0072750650368,90.2431890103246,"success"
"lambda012",0.0885305182844262,0.00629644916765847,0.0765564843220139,0.101386726578481,1.00006553754366,17380.9071217432,40,500,2228,249,151,136,1.0072750650368,90.2431890103246,"success"
"lambda013",0.0403976683012332,0.00504843801705656,0.0308854317258024,0.0506960382702032,1.0000046772993,8424.47641550987,40,500,2228,249,151,136,1.0072750650368,90.2431890103246,"success"
"lambda023",0.102515834616641,0.0112121038800097,0.0816265828157503,0.125666880862662,1.00007071889682,8853.73323887443,40,500,2228,249,151,136,1.0072750650368,90.2431890103246,"success"
"gamma12",-0.536434819917043,0.0749949115443449,-0.683841746965537,-0.389857248371456,1.00035428365549,25169.4937006937,40,500,2228,249,151,136,1.0072750650368,90.2431890103246,"success"
"gamma13",0.894419863355962,0.124446664077506,0.659221048275798,1.14609784957086,1.00017945969857,4368.41839306268,40,500,2228,249,151,136,1.0072750650368,90.2431890103246,"success"
"gamma23",0.365520965245922,0.121662584801524,0.132098336243776,0.609066934909592,1.00028278966132,8007.67234836705,40,500,2228,249,151,136,1.0072750650368,90.2431890103246,"success"
"alpha0_12",0.244657841606641,0.0920687192143225,0.0665554140328794,0.428167651642097,1.000122535217,6892.09571638479,40,500,2228,249,151,136,1.0072750650368,90.2431890103246,"success"
"alpha0_13",0.815189473282448,0.180175566624184,0.47117949229328,1.1826476148037,1.00043243813861,2006.90688297906,40,500,2228,249,151,136,1.0072750650368,90.2431890103246,"success"
"alpha0_23",0.731839118325514,0.161484105640589,0.431622535335197,1.06466384727489,1.0006512750863,4170.3879791397,40,500,2228,249,151,136,1.0072750650368,90.2431890103246,"success"
"alpha1_12",0.228353552794754,0.123665020131061,-0.0151553130687116,0.470156791606159,1.00022801385341,12233.5002842701,40,500,2228,249,151,136,1.0072750650368,90.2431890103246,"success"
"alpha1_13",0.094653343850816,0.258454019304894,-0.425398344216147,0.589837739972903,1.00048810476902,1507.42101978267,40,500,2228,249,151,136,1.0072750650368,90.2431890103246,"success"
"alpha1_23",0.339475899663972,0.199159601833457,-0.0607922062418216,0.721065669628237,1.00071800545151,7091.9439301137,40,500,2228,249,151,136,1.0072750650368,90.2431890103246,"success"
"beta0_y",2.02588682155031,0.0673651443974852,1.89401734089701,2.15820136758715,1.00019370754412,2154.24196664597,41,500,2310,241,138,115,1.00576891942186,114.526227543454,"success"
"beta1_y",0.502226896995061,0.0332993069640328,0.434684473056644,0.562949061957038,1.00576891942186,114.526227543454,41,500,2310,241,138,115,1.00576891942186,114.526227543454,"success"
"beta2_y",1.16771503387073,0.062722367319853,1.04527638049858,1.29137063847022,1.00078208329147,1314.80880710569,41,500,2310,241,138,115,1.00576891942186,114.526227543454,"success"
"sigma_b0",0.974533148608581,0.064602436343306,0.849273996160377,1.10385639855486,1.00022315440173,1989.62190868285,41,500,2310,241,138,115,1.00576891942186,114.526227543454,"success"
"sigma_b1",0.620732948226784,0.0255956638202277,0.572801606991207,0.673187512146914,1.00036305859376,9103.62233918268,41,500,2310,241,138,115,1.00576891942186,114.526227543454,"success"
"rho",0.369581534433451,0.0754419519950388,0.219077984398767,0.513476807473699,1.00029170154891,1926.37762947857,41,500,2310,241,138,115,1.00576891942186,114.526227543454,"success"
"sigma_y",1.00106622216324,0.0180142152934564,0.966382701321334,1.0370843231281,1.00007866367499,11571.4574176197,41,500,2310,241,138,115,1.00576891942186,114.526227543454,"success"
"lambda012",0.0812788026374141,0.00616943998289877,0.0696938889853625,0.0938490803726341,1.00004722023073,14388.8418600539,41,500,2310,241,138,115,1.00576891942186,114.526227543454,"success"
"lambda013",0.0383804634918936,0.00461900972145756,0.0297192991646957,0.0478280796880688,1.00028406954131,9679.19612431602,41,500,2310,241,138,115,1.00576891942186,114.526227543454,"success"
"lambda023",0.0871848845487312,0.0109757259094967,0.0665168220858545,0.109415401955452,1.00004086249214,8217.05628018608,41,500,2310,241,138,115,1.00576891942186,114.526227543454,"success"
"gamma12",-0.423953154078439,0.0731835580758656,-0.567916280163202,-0.281452389819706,1.00012532341854,12565.6066508546,41,500,2310,241,138,115,1.00576891942186,114.526227543454,"success"
"gamma13",0.79707656528221,0.108704870841628,0.587235346907634,1.01567439569248,1.00023153609159,8381.15759378226,41,500,2310,241,138,115,1.00576891942186,114.526227543454,"success"
"gamma23",0.60107723408734,0.126650244241375,0.360973838798538,0.859493391322574,1.0003009934169,8160.85731725244,41,500,2310,241,138,115,1.00576891942186,114.526227543454,"success"
"alpha0_12",0.534248891149232,0.123409419509356,0.30856985917904,0.794728884005017,1.00054078163114,2874.09807134102,41,500,2310,241,138,115,1.00576891942186,114.526227543454,"success"
"alpha0_13",0.973921917425267,0.175662627745982,0.644645219540852,1.33470230561985,1.00019663556961,3188.54596867357,41,500,2310,241,138,115,1.00576891942186,114.526227543454,"success"
"alpha0_23",0.893412580654647,0.239778665126317,0.451469873330215,1.39667642080874,1.00019456386467,2392.6678841469,41,500,2310,241,138,115,1.00576891942186,114.526227543454,"success"
"alpha1_12",-0.0137604732604608,0.159032054311888,-0.335148560834228,0.287359961906715,1.00009702794923,4451.33014863804,41,500,2310,241,138,115,1.00576891942186,114.526227543454,"success"
"alpha1_13",-0.229231327041398,0.243362368689445,-0.715900481307202,0.23672224667701,1.00044304833512,3882.72489668889,41,500,2310,241,138,115,1.00576891942186,114.526227543454,"success"
"alpha1_23",0.0902008310272632,0.248815446637709,-0.428766314679675,0.543632166768071,1.00054541048888,3054.52429833819,41,500,2310,241,138,115,1.00576891942186,114.526227543454,"success"
"beta0_y",1.96216054975278,0.0664737582464152,1.83475494589267,2.09433739861708,1.00086985296792,2485.67858115466,42,500,2300,242,137,130,1.01828271500446,102.861345008872,"success"
"beta1_y",0.524996895879661,0.0369374690726944,0.450648987876674,0.598856590881131,1.01828271500446,102.861345008872,42,500,2300,242,137,130,1.01828271500446,102.861345008872,"success"
"beta2_y",0.912221517410051,0.0653851707417697,0.783045237931841,1.0387740088787,0.999993989345962,1346.96001219326,42,500,2300,242,137,130,1.01828271500446,102.861345008872,"success"
"sigma_b0",0.891434918447824,0.066166096313906,0.762995365613661,1.0221977435842,1.00134285150832,1824.11861020831,42,500,2300,242,137,130,1.01828271500446,102.861345008872,"success"
"sigma_b1",0.594755721471075,0.0258316979876056,0.54626177898256,0.647387977344755,1.00118217718079,7028.39159003017,42,500,2300,242,137,130,1.01828271500446,102.861345008872,"success"
"rho",0.33525196208559,0.0800417037105019,0.174478114304094,0.489060219623953,1.00087183052322,2584.57057112684,42,500,2300,242,137,130,1.01828271500446,102.861345008872,"success"
"sigma_y",1.03420320757642,0.0184411763171877,0.998756015863725,1.07112992287366,1.00005207029947,13819.0086732043,42,500,2300,242,137,130,1.01828271500446,102.861345008872,"success"
"lambda012",0.0816312883265354,0.00591156811702517,0.0705059212264306,0.0935863338560938,1.00079517428716,8332.36886398255,42,500,2300,242,137,130,1.01828271500446,102.861345008872,"success"
"lambda013",0.0379441279826707,0.00422566867076142,0.0300448758683655,0.0466020367519221,1.00036769217114,10679.2657092725,42,500,2300,242,137,130,1.01828271500446,102.861345008872,"success"
"lambda023",0.0941529707870676,0.0102539265940449,0.0746007188981809,0.114821796687518,1.00028603022174,10881.5013906949,42,500,2300,242,137,130,1.01828271500446,102.861345008872,"success"
"gamma12",-0.435136261835978,0.0714874376048698,-0.575536541426959,-0.294925112081561,1.00004192103317,19780.3016593983,42,500,2300,242,137,130,1.01828271500446,102.861345008872,"success"
"gamma13",0.736056719847402,0.0967617791306077,0.548588052923075,0.926728658818203,1.00007130462006,16189.6857626935,42,500,2300,242,137,130,1.01828271500446,102.861345008872,"success"
"gamma23",0.335218359744242,0.096434262454474,0.14601979306243,0.522913975684374,1.00007505434553,17107.6567927682,42,500,2300,242,137,130,1.01828271500446,102.861345008872,"success"
"alpha0_12",0.381247768805706,0.134632626767585,0.126918808608753,0.656940680568929,1.00036783879746,3775.79479487553,42,500,2300,242,137,130,1.01828271500446,102.861345008872,"success"
"alpha0_13",0.525035378150501,0.206211966344907,0.124656954511329,0.937455314447135,1.00027783800684,2344.90047293376,42,500,2300,242,137,130,1.01828271500446,102.861345008872,"success"
"alpha0_23",0.586476750218068,0.184361799804211,0.237697792714941,0.964421890397166,1.00018252847232,4521.63252006471,42,500,2300,242,137,130,1.01828271500446,102.861345008872,"success"
"alpha1_12",0.394452828269106,0.159045149163722,0.0772270757029248,0.700369607607966,1.00034655734515,5813.95442765854,42,500,2300,242,137,130,1.01828271500446,102.861345008872,"success"
"alpha1_13",0.505054324270336,0.264395341597953,-0.0155334683673596,1.02181528797249,1.00114659257319,2206.8343574483,42,500,2300,242,137,130,1.01828271500446,102.861345008872,"success"
"alpha1_23",0.381633356180077,0.199612291642378,-0.0196931219393196,0.764473211741764,1.00033836238741,6476.04227173616,42,500,2300,242,137,130,1.01828271500446,102.861345008872,"success"
"beta0_y",2.00987009241139,0.0745619682852481,1.86427657199362,2.15709141910499,1.0035631568812,1655.62977638439,43,500,2257,237,140,134,1.03968065420542,82.3160473877163,"success"
"beta1_y",0.514165905023686,0.0433158817308027,0.432389706110874,0.604129178465538,1.03968065420542,82.3160473877163,43,500,2257,237,140,134,1.03968065420542,82.3160473877163,"success"
"beta2_y",0.996045956197439,0.0697561866858678,0.8617074541435,1.13453375623578,1.00749744514123,1164.61571526065,43,500,2257,237,140,134,1.03968065420542,82.3160473877163,"success"
"sigma_b0",1.02958363767704,0.0684673137970472,0.899595976793573,1.16830865026079,1.00109768674248,2211.03281504946,43,500,2257,237,140,134,1.03968065420542,82.3160473877163,"success"
"sigma_b1",0.604526812548384,0.0268297411897087,0.554714160690094,0.660106170171542,1.00216991164963,4246.21247047273,43,500,2257,237,140,134,1.03968065420542,82.3160473877163,"success"
"rho",0.255289757265929,0.0758959706556543,0.104437574342419,0.401789070115411,1.00281390155899,3022.9887017472,43,500,2257,237,140,134,1.03968065420542,82.3160473877163,"success"
"sigma_y",0.996494399491448,0.0179696939454328,0.962088281552102,1.03250048559966,1.00009532472698,12109.3230783463,43,500,2257,237,140,134,1.03968065420542,82.3160473877163,"success"
"lambda012",0.0868973742041771,0.00677074638220737,0.0742171059606632,0.100702394664169,1.00003979046681,6304.93738280033,43,500,2257,237,140,134,1.03968065420542,82.3160473877163,"success"
"lambda013",0.0399904689531505,0.00514996449813114,0.0304131244155041,0.0505184608983571,1.00074354299862,6214.29931677595,43,500,2257,237,140,134,1.03968065420542,82.3160473877163,"success"
"lambda023",0.102931055333709,0.0105202530632081,0.0830992036185971,0.124344016416385,1.00048635789101,10193.9973432473,43,500,2257,237,140,134,1.03968065420542,82.3160473877163,"success"
"gamma12",-0.449691453387765,0.0772264140869141,-0.602133621548248,-0.298842895274568,1.00103370863558,10169.4842062927,43,500,2257,237,140,134,1.03968065420542,82.3160473877163,"success"
"gamma13",0.793128711061485,0.109735525619672,0.58153120801289,1.01339028840786,1.001470229357,5428.70992939958,43,500,2257,237,140,134,1.03968065420542,82.3160473877163,"success"
"gamma23",0.331590181406209,0.106825039800925,0.12499314924747,0.541877722708276,1.00062641323738,13601.6551383393,43,500,2257,237,140,134,1.03968065420542,82.3160473877163,"success"
"alpha0_12",0.518287735506848,0.10609721387492,0.318036547709263,0.736595586751637,1.00164869458365,4575.78977205593,43,500,2257,237,140,134,1.03968065420542,82.3160473877163,"success"
"alpha0_13",0.992299576838593,0.199346381335894,0.605041619733157,1.38961680786616,1.00074862928262,1891.79794105081,43,500,2257,237,140,134,1.03968065420542,82.3160473877163,"success"
"alpha0_23",0.473482519213376,0.165510929597021,0.158513525334188,0.807448079799637,1.00112619457025,4661.23334656943,43,500,2257,237,140,134,1.03968065420542,82.3160473877163,"success"
"alpha1_12",0.229317763043977,0.141443773284184,-0.0525647423476099,0.502988514195653,1.00039037678731,8028.66463722276,43,500,2257,237,140,134,1.03968065420542,82.3160473877163,"success"
"alpha1_13",0.418146674672064,0.319033487599149,-0.213243641550808,1.05131914630072,1.00414201840533,1337.99209709279,43,500,2257,237,140,134,1.03968065420542,82.3160473877163,"success"
"alpha1_23",0.378615071083678,0.191792447814798,-0.00395788461756083,0.750749047802715,1.00056693626093,6486.96007386119,43,500,2257,237,140,134,1.03968065420542,82.3160473877163,"success"
"beta0_y",2.01976365357905,0.0726758224362587,1.87922280316878,2.16447913569774,1.00102331211026,1871.99790197991,44,500,2242,233,150,127,1.12821680129259,140.111238714291,"success"
"beta1_y",0.502753687177869,0.0345758019667424,0.435809685667062,0.573686815114733,1.12821680129259,140.111238714291,44,500,2242,233,150,127,1.12821680129259,140.111238714291,"success"
"beta2_y",0.96368970159083,0.0708240614210251,0.825692546817757,1.10375369440886,1.00565584360161,1204.89302195235,44,500,2242,233,150,127,1.12821680129259,140.111238714291,"success"
"sigma_b0",1.08442354275939,0.067100305030127,0.957415807462731,1.21969550416069,1.00233692542781,2486.0651947875,44,500,2242,233,150,127,1.12821680129259,140.111238714291,"success"
"sigma_b1",0.593125051876793,0.024759023625714,0.546344894670173,0.643842201312544,1.00413190854803,8096.70055872069,44,500,2242,233,150,127,1.12821680129259,140.111238714291,"success"
"rho",0.349492430720075,0.0739126632328976,0.200972547212335,0.489294672899863,1.00848095840961,2741.32855249403,44,500,2242,233,150,127,1.12821680129259,140.111238714291,"success"
"sigma_y",0.996759901791953,0.0182151883852937,0.961772464338181,1.03323445992495,1.00027091236975,12909.1803254852,44,500,2242,233,150,127,1.12821680129259,140.111238714291,"success"
"lambda012",0.0742532399865171,0.00577333590934165,0.0634452424075017,0.0859901435959634,1.00220055820341,15134.2330734899,44,500,2242,233,150,127,1.12821680129259,140.111238714291,"success"
"lambda013",0.039698537929424,0.00485817608395538,0.0305694002058344,0.0496318299260917,1.00173022861236,7266.6314753087,44,500,2242,233,150,127,1.12821680129259,140.111238714291,"success"
"lambda023",0.111875397911728,0.0117786712237358,0.0899332474178019,0.136232668628401,1.00007599615198,10793.1476282643,44,500,2242,233,150,127,1.12821680129259,140.111238714291,"success"
"gamma12",-0.561253254821553,0.0785485118073648,-0.715249710445922,-0.406772302685303,1.00015652319819,19080.1276649587,44,500,2242,233,150,127,1.12821680129259,140.111238714291,"success"
"gamma13",0.769419080087219,0.113196952918535,0.550905131419627,0.99407235345247,1.00163902141342,7009.13805003207,44,500,2242,233,150,127,1.12821680129259,140.111238714291,"success"
"gamma23",0.35303154052414,0.105918539254722,0.149084008734046,0.566130751601732,1.00154968622867,12640.7972493838,44,500,2242,233,150,127,1.12821680129259,140.111238714291,"success"
"alpha0_12",0.330135715054352,0.103950851788644,0.131266671285031,0.54038231735308,1.00239537286442,5973.69115428462,44,500,2242,233,150,127,1.12821680129259,140.111238714291,"success"
"alpha0_13",0.951372981277762,0.164100750816243,0.644756990498329,1.29175342003011,1.00129491568096,2700.89409910291,44,500,2242,233,150,127,1.12821680129259,140.111238714291,"success"
"alpha0_23",0.554388742172816,0.150696865932122,0.2704671569093,0.864197991828426,1.00078285195229,5334.48957145508,44,500,2242,233,150,127,1.12821680129259,140.111238714291,"success"
"alpha1_12",0.226851540998855,0.149934760890288,-0.0735212848353541,0.515310657477474,1.00135679292178,8022.51202728247,44,500,2242,233,150,127,1.12821680129259,140.111238714291,"success"
"alpha1_13",-0.0387220818417329,0.267590114652973,-0.579167278820613,0.474400807568871,1.01331243164025,2318.95785821592,44,500,2242,233,150,127,1.12821680129259,140.111238714291,"success"
"alpha1_23",0.136690709094104,0.194870777275613,-0.25866175792877,0.508239397909706,1.00026586547708,6918.741960667,44,500,2242,233,150,127,1.12821680129259,140.111238714291,"success"
"beta0_y",2.10401034061396,0.067918786096025,1.97342997065278,2.23978865619301,1.00048696537161,2578.71208407456,45,500,2247,239,138,122,1.003257871679,91.2279716518226,"success"
"beta1_y",0.419068767744529,0.0382285197148326,0.342743890932076,0.492740477499252,1.003257871679,91.2279716518226,45,500,2247,239,138,122,1.003257871679,91.2279716518226,"success"
"beta2_y",1.10032186898555,0.0653191813114358,0.971102826050859,1.22738982069235,1.00000090104432,1485.28051876907,45,500,2247,239,138,122,1.003257871679,91.2279716518226,"success"
"sigma_b0",0.895918370431758,0.0723211920073034,0.756148900442605,1.04114344514902,1.00025657479027,1380.95325366122,45,500,2247,239,138,122,1.003257871679,91.2279716518226,"success"
"sigma_b1",0.581126669837502,0.0249427062148766,0.534520372818635,0.632165973134572,1.00026171861863,7605.1104809218,45,500,2247,239,138,122,1.003257871679,91.2279716518226,"success"
"rho",0.250751496984679,0.0870220842571027,0.0809157992700707,0.421380640568856,1.00020780533637,1981.85695866014,45,500,2247,239,138,122,1.003257871679,91.2279716518226,"success"
"sigma_y",1.04206341677494,0.01903524007026,1.00555488242683,1.08011985627385,1.00027078830539,9755.8201704822,45,500,2247,239,138,122,1.003257871679,91.2279716518226,"success"
"lambda012",0.0817551889199694,0.006087118679065,0.0703382665508883,0.0941691500660438,1.00002378946148,13632.0747730308,45,500,2247,239,138,122,1.003257871679,91.2279716518226,"success"
"lambda013",0.0367482884997812,0.00455264704951721,0.0281529199753663,0.0459587954978484,0.99999795044236,9259.56613523125,45,500,2247,239,138,122,1.003257871679,91.2279716518226,"success"
"lambda023",0.0947043765044651,0.0119248604352606,0.0722800095736844,0.11902632264866,1.00013338502393,7953.08927235054,45,500,2247,239,138,122,1.003257871679,91.2279716518226,"success"
"gamma12",-0.381315794682292,0.0713879267963524,-0.520839177037505,-0.241183721906576,1.00002085925773,14140.6025082831,45,500,2247,239,138,122,1.003257871679,91.2279716518226,"success"
"gamma13",0.838324101119369,0.111662395210334,0.626270590897829,1.06492846877607,1.00023676290196,7261.19261786742,45,500,2247,239,138,122,1.003257871679,91.2279716518226,"success"
"gamma23",0.484928445622473,0.123634917828348,0.248547699903133,0.734277404272829,1.0003053759876,9035.07227466249,45,500,2247,239,138,122,1.003257871679,91.2279716518226,"success"
"alpha0_12",0.528681543517549,0.13360003943252,0.277606519153804,0.802021958248168,1.000152564986,3941.89303308724,45,500,2247,239,138,122,1.003257871679,91.2279716518226,"success"
"alpha0_13",0.909402876085877,0.210800498210833,0.511909265859841,1.3446130588764,1.00036679335616,2473.85950175623,45,500,2247,239,138,122,1.003257871679,91.2279716518226,"success"
"alpha0_23",1.02673180278412,0.222401469563057,0.628971602640096,1.50346884225534,1.00102804202152,2946.03902404916,45,500,2247,239,138,122,1.003257871679,91.2279716518226,"success"
"alpha1_12",0.12550990916425,0.150481527752912,-0.178146072251303,0.412461982061265,1.00004288731798,6455.07716559723,45,500,2247,239,138,122,1.003257871679,91.2279716518226,"success"
"alpha1_13",-0.00202725417482499,0.269775626950184,-0.544986079207596,0.510364365188035,1.00026245034574,2564.34347819806,45,500,2247,239,138,122,1.003257871679,91.2279716518226,"success"
"alpha1_23",0.0255153075284158,0.239975118875175,-0.468576901161684,0.472528315225122,1.00030566705506,4606.87661897309,45,500,2247,239,138,122,1.003257871679,91.2279716518226,"success"
"beta0_y",2.10387448460211,0.0723345178418425,1.96032893155354,2.24448979777349,1.00074648409246,2101.80284838075,46,500,2261,261,141,131,1.00846185324891,83.4428702450041,"success"
"beta1_y",0.455554181283389,0.0402263312242941,0.377190103157505,0.540987921124564,1.00846185324891,83.4428702450041,46,500,2261,261,141,131,1.00846185324891,83.4428702450041,"success"
"beta2_y",0.971407228719984,0.0719805858384373,0.827953645305422,1.11169790827953,1.00090356292427,1272.03918409664,46,500,2261,261,141,131,1.00846185324891,83.4428702450041,"success"
"sigma_b0",1.00277954250583,0.0705758728254827,0.868154243337459,1.14444033366592,1.00030884157179,1904.3931511217,46,500,2261,261,141,131,1.00846185324891,83.4428702450041,"success"
"sigma_b1",0.586655477907763,0.0254148145983539,0.539454493162942,0.638740260052401,1.00033858675491,6576.93199557253,46,500,2261,261,141,131,1.00846185324891,83.4428702450041,"success"
"rho",0.36287245346581,0.0802667202188738,0.202153426676637,0.515772344529702,1.00122350882812,2043.39327695873,46,500,2261,261,141,131,1.00846185324891,83.4428702450041,"success"
"sigma_y",1.02526552411535,0.0183813904168375,0.989802214655413,1.06214488979879,1.00000800761794,12656.7610779133,46,500,2261,261,141,131,1.00846185324891,83.4428702450041,"success"
"lambda012",0.0963449062675266,0.00715422289704889,0.0828386496556027,0.110882385317324,1.00088002967878,8522.30187618567,46,500,2261,261,141,131,1.00846185324891,83.4428702450041,"success"
"lambda013",0.0369723310855315,0.00515077826149828,0.0274662817479581,0.047525048157604,1.00114982787942,5363.24420069218,46,500,2261,261,141,131,1.00846185324891,83.4428702450041,"success"
"lambda023",0.103003193748869,0.0110994030406282,0.082477374076826,0.125967546474227,1.00013226218059,9169.02424861454,46,500,2261,261,141,131,1.00846185324891,83.4428702450041,"success"
"gamma12",-0.548009434155739,0.0733338470655618,-0.691509786875862,-0.405046968598776,1.00031536341539,19563.3149746211,46,500,2261,261,141,131,1.00846185324891,83.4428702450041,"success"
"gamma13",1.06124861708882,0.118798198443625,0.835320115432479,1.30056828777692,1.00002052056983,6188.79249812992,46,500,2261,261,141,131,1.00846185324891,83.4428702450041,"success"
"gamma23",0.721488212792237,0.127017319795414,0.480164672215782,0.979054488489483,1.00009403618765,8708.99263299386,46,500,2261,261,141,131,1.00846185324891,83.4428702450041,"success"
"alpha0_12",0.303120280414028,0.103404751542493,0.104376437378704,0.512221914122751,1.00006876340847,4963.53979287722,46,500,2261,261,141,131,1.00846185324891,83.4428702450041,"success"
"alpha0_13",1.00920719334866,0.200375024125373,0.634779183545664,1.42299796977857,1.00041813070553,2069.47039559268,46,500,2261,261,141,131,1.00846185324891,83.4428702450041,"success"
"alpha0_23",0.683226841622974,0.203219906020934,0.300921098761888,1.10735964624498,1.00156029345729,2935.86091256444,46,500,2261,261,141,131,1.00846185324891,83.4428702450041,"success"
"alpha1_12",0.319974092255178,0.148646341951439,0.0213330236618427,0.605293187555206,1.00005679063236,7045.21690929027,46,500,2261,261,141,131,1.00846185324891,83.4428702450041,"success"
"alpha1_13",-0.109588355185304,0.298026960801682,-0.705880041149842,0.461273590198421,1.00006977590975,1979.75602575979,46,500,2261,261,141,131,1.00846185324891,83.4428702450041,"success"
"alpha1_23",0.0950951192556944,0.250063408337364,-0.410235792511744,0.569433308235319,1.00142318698351,3752.71650004564,46,500,2261,261,141,131,1.00846185324891,83.4428702450041,"success"
"beta0_y",1.95361376826092,0.0673047128504714,1.82364457755368,2.08662620969629,1.00309560312616,2134.69918303422,47,500,2212,220,154,104,1.04424174752192,64.9847761297182,"success"
"beta1_y",0.555651039183489,0.0435607568002399,0.470347453478097,0.643826724954156,1.04424174752192,64.9847761297182,47,500,2212,220,154,104,1.04424174752192,64.9847761297182,"success"
"beta2_y",1.05407028316206,0.0625554446487447,0.930785127603902,1.17716591323226,1.00189319224336,1405.28897003241,47,500,2212,220,154,104,1.04424174752192,64.9847761297182,"success"
"sigma_b0",0.852912598118352,0.0701381200614537,0.71789275317687,0.995289469715806,1.00479256377852,1174.0759234899,47,500,2212,220,154,104,1.04424174752192,64.9847761297182,"success"
"sigma_b1",0.586702764261163,0.0247931472801976,0.540377331670086,0.637357450539532,1.00156784343011,6160.7999652821,47,500,2212,220,154,104,1.04424174752192,64.9847761297182,"success"
"rho",0.403584449596568,0.0864181428068215,0.228489713972621,0.569001165157574,1.00713913478127,1300.40370404376,47,500,2212,220,154,104,1.04424174752192,64.9847761297182,"success"
"sigma_y",1.01044327284612,0.0183177682095874,0.975305089926433,1.04717120146899,1.00017412818047,9515.72053305418,47,500,2212,220,154,104,1.04424174752192,64.9847761297182,"success"
"lambda012",0.0729013593497502,0.00614256803384828,0.0614802993606378,0.0854672291294642,1.00008478952259,12237.3828807569,47,500,2212,220,154,104,1.04424174752192,64.9847761297182,"success"
"lambda013",0.0444574211914046,0.00545459477448939,0.0342339016119446,0.0555617706525141,1.00048987286874,6980.21401096503,47,500,2212,220,154,104,1.04424174752192,64.9847761297182,"success"
"lambda023",0.0953742830881878,0.01173370245242,0.0731707931217572,0.119205334910033,1.00006187162774,12184.0625482622,47,500,2212,220,154,104,1.04424174752192,64.9847761297182,"success"
"gamma12",-0.635612479956625,0.079873894534057,-0.793216848695789,-0.479711263441426,1.0002742990057,14140.4448098871,47,500,2212,220,154,104,1.04424174752192,64.9847761297182,"success"
"gamma13",0.670047814079003,0.111272259801744,0.459874763518765,0.896004053390363,1.00129629199682,4986.23893777598,47,500,2212,220,154,104,1.04424174752192,64.9847761297182,"success"
"gamma23",0.593923646289346,0.12439697222646,0.351212531604369,0.840473332948453,1.00035122663893,20452.3971457767,47,500,2212,220,154,104,1.04424174752192,64.9847761297182,"success"
"alpha0_12",0.642557294245456,0.161782276608276,0.347872274233246,0.986916761039306,1.00163990304167,3000.26608643093,47,500,2212,220,154,104,1.04424174752192,64.9847761297182,"success"
"alpha0_13",1.29506703198314,0.241464256163921,0.8522099200595,1.81103630651645,1.00054355386731,1823.49537897513,47,500,2212,220,154,104,1.04424174752192,64.9847761297182,"success"
"alpha0_23",0.664388555908526,0.271589143012467,0.155857965783429,1.22852868128961,1.00107335618047,2828.81087334037,47,500,2212,220,154,104,1.04424174752192,64.9847761297182,"success"
"alpha1_12",-0.0226369660886054,0.176776339063335,-0.386744438898315,0.310076452198481,1.00009959576317,4295.0323215252,47,500,2212,220,154,104,1.04424174752192,64.9847761297182,"success"
"alpha1_13",-0.179191676070918,0.308508878240584,-0.804002506705682,0.405501504907298,1.00700826885462,1760.99807391651,47,500,2212,220,154,104,1.04424174752192,64.9847761297182,"success"
"alpha1_23",0.00392004801852167,0.276029853450022,-0.561141028074524,0.527974607188333,1.0020256029562,3657.01870475108,47,500,2212,220,154,104,1.04424174752192,64.9847761297182,"success"
"beta0_y",1.90337396263748,0.066139014908381,1.77412520865018,2.03213432696595,1.00049687564093,2478.85771125231,48,500,2210,244,148,132,1.00460513480993,97.8616725878645,"success"
"beta1_y",0.576271074991145,0.0386182903104723,0.496343162634764,0.650247897638768,1.00460513480993,97.8616725878645,48,500,2210,244,148,132,1.00460513480993,97.8616725878645,"success"
"beta2_y",0.969115909046022,0.0622492511856586,0.849439752343505,1.09476609680662,1.00113477143863,1451.67035860339,48,500,2210,244,148,132,1.00460513480993,97.8616725878645,"success"
"sigma_b0",0.832373213873812,0.0637861248056069,0.711687154116249,0.961170834890532,1.00019146212815,1784.6740186936,48,500,2210,244,148,132,1.00460513480993,97.8616725878645,"success"
"sigma_b1",0.628133843575418,0.0271307603557988,0.577145912989653,0.683478033092671,1.00031557958488,6923.39957273329,48,500,2210,244,148,132,1.00460513480993,97.8616725878645,"success"
"rho",0.294326193746335,0.0843128267012103,0.126143867525091,0.455535866157822,1.00190059859549,2419.5263599724,48,500,2210,244,148,132,1.00460513480993,97.8616725878645,"success"
"sigma_y",0.995326529535238,0.018371752213547,0.960107160423412,1.03209748118259,0.999991011653258,10968.4725615119,48,500,2210,244,148,132,1.00460513480993,97.8616725878645,"success"
"lambda012",0.0841745273012335,0.00620156225724547,0.0724234488638543,0.0967127342825926,1.00006437693796,18873.1811642611,48,500,2210,244,148,132,1.00460513480993,97.8616725878645,"success"
"lambda013",0.0449045201455672,0.00491209349441154,0.035706538097644,0.0549258302456312,1.00001392822016,10898.9986412946,48,500,2210,244,148,132,1.00460513480993,97.8616725878645,"success"
"lambda023",0.100950603333694,0.0102911232957888,0.0816201356698449,0.121937533801205,1.00011020544947,11571.7571013901,48,500,2210,244,148,132,1.00460513480993,97.8616725878645,"success"
"gamma12",-0.529681612389218,0.0724200739237031,-0.671857850405183,-0.387638391167825,1.00003323862576,27677.3303616052,48,500,2210,244,148,132,1.00460513480993,97.8616725878645,"success"
"gamma13",0.722781047136883,0.102125261461591,0.524490279332715,0.924905046824689,1.00000068220795,12474.2616192876,48,500,2210,244,148,132,1.00460513480993,97.8616725878645,"success"
"gamma23",0.311770623979164,0.0911357171536015,0.137401425067912,0.495969844092626,0.999993464632317,15716.5985814634,48,500,2210,244,148,132,1.00460513480993,97.8616725878645,"success"
"alpha0_12",0.291491838628482,0.136164479068744,0.0303771203792913,0.567362119233205,1.00002223105046,4496.4186959014,48,500,2210,244,148,132,1.00460513480993,97.8616725878645,"success"
"alpha0_13",0.742915078515677,0.205059076072695,0.363592062885044,1.17114398204165,1.00026547863862,2728.26726219504,48,500,2210,244,148,132,1.00460513480993,97.8616725878645,"success"
"alpha0_23",0.435274612381226,0.269300380982977,-0.0770834503469633,0.975860082959962,1.00166538872884,2004.41967268883,48,500,2210,244,148,132,1.00460513480993,97.8616725878645,"success"
"alpha1_12",0.267834520021471,0.133375246053643,0.000283125254968711,0.524559740668508,1.00022571013725,6966.74299573526,48,500,2210,244,148,132,1.00460513480993,97.8616725878645,"success"
"alpha1_13",0.402161172167693,0.229262266663435,-0.0634325993782664,0.836353674052353,1.00004457798654,2307.91652768347,48,500,2210,244,148,132,1.00460513480993,97.8616725878645,"success"
"alpha1_23",0.541950857416089,0.205514973311042,0.129477902240037,0.936366601728426,1.00030056966205,3593.5698369774,48,500,2210,244,148,132,1.00460513480993,97.8616725878645,"success"
"beta0_y",2.05213644398099,0.0730139033387422,1.911670978476,2.19656848929673,1.00075741617584,2125.48442473467,49,500,2228,233,145,117,1.02099873508691,107.448692510936,"success"
"beta1_y",0.55413468437496,0.0349662400313675,0.490262610668476,0.625449933700547,1.02099873508691,107.448692510936,49,500,2228,233,145,117,1.02099873508691,107.448692510936,"success"
"beta2_y",0.927083324435839,0.0708793811669308,0.787989412987729,1.0680299993536,1.00051630807337,1321.54513652676,49,500,2228,233,145,117,1.02099873508691,107.448692510936,"success"
"sigma_b0",1.0387637937579,0.0693445297582602,0.906551865845057,1.17782387564364,1.00137532622654,1822.31015651809,49,500,2228,233,145,117,1.02099873508691,107.448692510936,"success"
"sigma_b1",0.553261490892948,0.0244558475648322,0.507717905623191,0.603697125136382,1.00086071959916,6700.00239828128,49,500,2228,233,145,117,1.02099873508691,107.448692510936,"success"
"rho",0.392005089430529,0.0788028099032941,0.233382449821059,0.541447616264009,1.0017140220043,1880.53311595411,49,500,2228,233,145,117,1.02099873508691,107.448692510936,"success"
"sigma_y",1.04855982074266,0.018814453649624,1.01240144327652,1.08620922477116,1.0000020835226,13321.9027114079,49,500,2228,233,145,117,1.02099873508691,107.448692510936,"success"
"lambda012",0.0858448116543272,0.00665010768517765,0.0733045664580797,0.0994783494025212,0.999999709758025,9645.09182989688,49,500,2228,233,145,117,1.02099873508691,107.448692510936,"success"
"lambda013",0.0416713350050318,0.00517971840323523,0.0319450154439958,0.0522928725107083,1.00077207235489,6926.35250935864,49,500,2228,233,145,117,1.02099873508691,107.448692510936,"success"
"lambda023",0.0949469400110252,0.011560232012669,0.0733178316888383,0.118675841907719,1.00001866719109,7397.46397804421,49,500,2228,233,145,117,1.02099873508691,107.448692510936,"success"
"gamma12",-0.613477175334607,0.0819586239033517,-0.77512887751741,-0.454124513884601,1.0000488727336,10611.0681913736,49,500,2228,233,145,117,1.02099873508691,107.448692510936,"success"
"gamma13",0.676474234998947,0.115282615491789,0.451098525791029,0.902720835832505,1.00010845994541,7874.36079039632,49,500,2228,233,145,117,1.02099873508691,107.448692510936,"success"
"gamma23",0.612062080571943,0.125765010787952,0.37251334280808,0.865430738270831,0.99999865569163,7846.48963857479,49,500,2228,233,145,117,1.02099873508691,107.448692510936,"success"
"alpha0_12",0.574437163731006,0.113885210630238,0.362948937758545,0.809277803772809,1.00079227746396,4074.92774114218,49,500,2228,233,145,117,1.02099873508691,107.448692510936,"success"
"alpha0_13",1.07774830625938,0.200294864618313,0.707894093968877,1.49527649912746,1.00170691439015,2030.64556838991,49,500,2228,233,145,117,1.02099873508691,107.448692510936,"success"
"alpha0_23",0.886779466717414,0.204258407127779,0.505588108266525,1.31099383399943,1.00023644232727,3468.28254138817,49,500,2228,233,145,117,1.02099873508691,107.448692510936,"success"
"alpha1_12",0.111442100157225,0.173828965650635,-0.239569902819475,0.442671016340471,1.00026399850879,5565.89431175436,49,500,2228,233,145,117,1.02099873508691,107.448692510936,"success"
"alpha1_13",-0.1460961087908,0.336948797728471,-0.843736879377517,0.480130428117507,1.00390286244662,1864.52912242658,49,500,2228,233,145,117,1.02099873508691,107.448692510936,"success"
"alpha1_23",0.236158705334191,0.260647831021893,-0.299507308936333,0.724834309320866,1.00075653416823,4633.60041615393,49,500,2228,233,145,117,1.02099873508691,107.448692510936,"success"
"beta0_y",1.98366780836527,0.0733220695081304,1.84170075750977,2.1292824139215,1.00034270990535,2099.35652429841,50,500,2218,227,159,123,1.03879054712773,95.5961396214621,"success"
"beta1_y",0.550911172351953,0.0385840106830701,0.479771906198938,0.626801688853825,1.03879054712773,95.5961396214621,50,500,2218,227,159,123,1.03879054712773,95.5961396214621,"success"
"beta2_y",1.10913675045882,0.0706375100055636,0.971455555589417,1.24935587381042,1.00129275589264,1240.99664024745,50,500,2218,227,159,123,1.03879054712773,95.5961396214621,"success"
"sigma_b0",1.01795400204102,0.0689597311143772,0.884634187755182,1.15596870944084,1.00099462326336,2136.87276264338,50,500,2218,227,159,123,1.03879054712773,95.5961396214621,"success"
"sigma_b1",0.588327739831832,0.0262855589695908,0.539328536207021,0.641968871279976,1.00158233419567,4100.33581876162,50,500,2218,227,159,123,1.03879054712773,95.5961396214621,"success"
"rho",0.320786618208307,0.0792096095089433,0.162987804233184,0.472769600279196,1.00014831998543,2348.85154321869,50,500,2218,227,159,123,1.03879054712773,95.5961396214621,"success"
"sigma_y",1.02051415148679,0.0189969593793496,0.984133151264271,1.05869232541233,1.00002046349575,11318.9011177975,50,500,2218,227,159,123,1.03879054712773,95.5961396214621,"success"
"lambda012",0.0795043795869121,0.00630402130830833,0.0676844184596269,0.092430410116931,1.00036666081356,7908.85158942687,50,500,2218,227,159,123,1.03879054712773,95.5961396214621,"success"
"lambda013",0.0436058221578331,0.00503200576141275,0.0342958453401814,0.0539976858476083,1.0008292439247,6961.91759114382,50,500,2218,227,159,123,1.03879054712773,95.5961396214621,"success"
"lambda023",0.11111201539234,0.0115783706428973,0.0894255145402811,0.134744326958813,1.0001325044793,14009.1082941533,50,500,2218,227,159,123,1.03879054712773,95.5961396214621,"success"
"gamma12",-0.536844783318385,0.0830371370710857,-0.69999635243477,-0.374120949757248,1.00015231650809,15563.5076001501,50,500,2218,227,159,123,1.03879054712773,95.5961396214621,"success"
"gamma13",0.894289297628871,0.101301357749879,0.698281055808574,1.09682873160842,0.999995664448863,7532.67922191374,50,500,2218,227,159,123,1.03879054712773,95.5961396214621,"success"
"gamma23",0.49350547877392,0.107420321973146,0.286279124126548,0.706028321691514,1.00000201980772,21536.1669269693,50,500,2218,227,159,123,1.03879054712773,95.5961396214621,"success"
"alpha0_12",0.434931593824923,0.129296109733665,0.18578378628193,0.696562045001552,1.00105331538317,3485.68413218922,50,500,2218,227,159,123,1.03879054712773,95.5961396214621,"success"
"alpha0_13",0.782236687160789,0.168917999258898,0.471339148767767,1.13651958064686,1.00071595773506,2398.92581513437,50,500,2218,227,159,123,1.03879054712773,95.5961396214621,"success"
"alpha0_23",0.337265652356363,0.16357655970547,0.0165092262755502,0.664688457183198,1.00004568153404,3965.0055832094,50,500,2218,227,159,123,1.03879054712773,95.5961396214621,"success"
"alpha1_12",0.372625860886133,0.167476424135386,0.0344966706431758,0.692666405032446,1.00023001790189,4646.21907814053,50,500,2218,227,159,123,1.03879054712773,95.5961396214621,"success"
"alpha1_13",0.478581727255123,0.258490544159241,-0.0424161898265727,0.971805145935214,1.00219046850384,1985.56297875663,50,500,2218,227,159,123,1.03879054712773,95.5961396214621,"success"
"alpha1_23",0.497268412998284,0.241022689746418,0.0212796742095512,0.969346430237761,1.00031976531026,4296.24266483376,50,500,2218,227,159,123,1.03879054712773,95.5961396214621,"success"
"beta0_y",2.03274780041079,0.071915101245696,1.89309605556717,2.17422622268146,1.00035791351045,2106.11562600147,51,500,2283,244,141,129,1.00582126007652,102.932027461095,"success"
"beta1_y",0.46854684485836,0.0369181273597506,0.397243552282393,0.54268447854448,1.00143939108589,102.932027461095,51,500,2283,244,141,129,1.00582126007652,102.932027461095,"success"
"beta2_y",1.07626788165729,0.069292298385167,0.943120555923024,1.21538579797612,1.00582126007652,1266.63695252709,51,500,2283,244,141,129,1.00582126007652,102.932027461095,"success"
"sigma_b0",0.984095256793955,0.0675483540443607,0.85447050780898,1.12124675171964,1.00071218672808,1853.36510002775,51,500,2283,244,141,129,1.00582126007652,102.932027461095,"success"
"sigma_b1",0.615338097946275,0.0258590175546801,0.566890778244884,0.66852916368658,1.00029833441015,7785.40446518914,51,500,2283,244,141,129,1.00582126007652,102.932027461095,"success"
"rho",0.364863040756544,0.0742723146288867,0.215989104631394,0.505487410784733,1.00071832999575,2454.30930392209,51,500,2283,244,141,129,1.00582126007652,102.932027461095,"success"
"sigma_y",1.03857530337064,0.0185468210417891,1.00276624744744,1.07574676819396,1.00001759047728,13829.2314130553,51,500,2283,244,141,129,1.00582126007652,102.932027461095,"success"
"lambda012",0.0832215000363964,0.00652115753048274,0.0709640436518551,0.0965267406728332,1.00001729317875,10127.0929131275,51,500,2283,244,141,129,1.00582126007652,102.932027461095,"success"
"lambda013",0.0373212765642995,0.00494535079461972,0.0280240258369643,0.0473943742068458,1.00000866344676,6430.75705875726,51,500,2283,244,141,129,1.00582126007652,102.932027461095,"success"
"lambda023",0.107551691045472,0.0107828278827139,0.0872248473501931,0.129700494079225,0.999997791941959,15855.0663280479,51,500,2283,244,141,129,1.00582126007652,102.932027461095,"success"
"gamma12",-0.507895320241626,0.078360579949243,-0.661714365070313,-0.35429233390998,1.00073449561642,11733.1329801613,51,500,2283,244,141,129,1.00582126007652,102.932027461095,"success"
"gamma13",0.96974994751729,0.12138229303438,0.739147701618722,1.21380315905968,1.00062673568861,5192.67423276314,51,500,2283,244,141,129,1.00582126007652,102.932027461095,"success"
"gamma23",0.479721540618515,0.0953606423955376,0.293738783569839,0.666656270422611,1.00009828400462,24525.761503416,51,500,2283,244,141,129,1.00582126007652,102.932027461095,"success"
"alpha0_12",0.541154235018455,0.12368466274611,0.30999928350834,0.797168449296402,1.00002200098918,3729.69087964076,51,500,2283,244,141,129,1.00582126007652,102.932027461095,"success"
"alpha0_13",1.07136073857231,0.219341465661086,0.657694616310682,1.51942580177169,1.00015358560171,2036.65306348801,51,500,2283,244,141,129,1.00582126007652,102.932027461095,"success"
"alpha0_23",0.279262594783914,0.161520925475626,-0.0369650621094991,0.601153784283248,1.00009800677799,4507.83322459287,51,500,2283,244,141,129,1.00582126007652,102.932027461095,"success"
"alpha1_12",0.0533840464999704,0.158903390642506,-0.267151713590521,0.35415080799749,1.00003425632541,5291.37816122379,51,500,2283,244,141,129,1.00582126007652,102.932027461095,"success"
"alpha1_13",-0.200627514766251,0.30708039767731,-0.822672917141327,0.378104381971839,1.00010550913728,2007.56908617765,51,500,2283,244,141,129,1.00582126007652,102.932027461095,"success"
"alpha1_23",0.420122999136518,0.200493030244492,0.0208103759119539,0.810719412708646,1.00003337143988,5723.71645806363,51,500,2283,244,141,129,1.00582126007652,102.932027461095,"success"
"beta0_y",1.95763636319356,0.0710838160588567,1.8181684772791,2.0963892979971,1.00084326306782,2162.76332128828,52,500,2277,224,159,106,1.01392337945988,80.864123300953,"success"
"beta1_y",0.486231113821486,0.0392595624883073,0.412380277299098,0.566752491601125,1.01392337945988,80.864123300953,52,500,2277,224,159,106,1.01392337945988,80.864123300953,"success"
"beta2_y",1.04334710302836,0.0670564508499643,0.910155950745388,1.17360619011696,1.00105891823979,1168.48265939685,52,500,2277,224,159,106,1.01392337945988,80.864123300953,"success"
"sigma_b0",1.03033051690057,0.06392974301872,0.908744538239732,1.15881346826359,1.00000038909586,2880.34710732857,52,500,2277,224,159,106,1.01392337945988,80.864123300953,"success"
"sigma_b1",0.632870076174201,0.0263954364832394,0.583317685100116,0.686758843791026,1.00079982666353,8894.33268017754,52,500,2277,224,159,106,1.01392337945988,80.864123300953,"success"
"rho",0.254768348673966,0.0718303509696163,0.111432996812711,0.392990756013665,1.00036560750297,3583.66003457292,52,500,2277,224,159,106,1.01392337945988,80.864123300953,"success"
"sigma_y",0.98780556693308,0.0177116008791695,0.953938624841509,1.02323748902941,1.00029213635306,14219.1407762777,52,500,2277,224,159,106,1.01392337945988,80.864123300953,"success"
"lambda012",0.0701998819295701,0.0056131658516559,0.059653277558612,0.0815903861733544,0.999995096627291,20102.3691635122,52,500,2277,224,159,106,1.01392337945988,80.864123300953,"success"
"lambda013",0.0381497858622246,0.00494587350948856,0.0288740938401976,0.0482397280928856,1.00029902786449,6772.15264220111,52,500,2277,224,159,106,1.01392337945988,80.864123300953,"success"
"lambda023",0.106359604060282,0.0119673518966595,0.0842151604380437,0.131011264361104,1.00010051016098,11294.5076206094,52,500,2277,224,159,106,1.01392337945988,80.864123300953,"success"
"gamma12",-0.650262925985528,0.0754561258024709,-0.796705191363306,-0.500722858132863,0.999992953932373,27237.8014712405,52,500,2277,224,159,106,1.01392337945988,80.864123300953,"success"
"gamma13",0.942045633040778,0.112299631446442,0.728706907923728,1.16839315601506,1.00009460694644,4845.87511838652,52,500,2277,224,159,106,1.01392337945988,80.864123300953,"success"
"gamma23",0.74383519184682,0.122191139189978,0.508165410582677,0.985394968326644,1.00019405506671,20787.1554726435,52,500,2277,224,159,106,1.01392337945988,80.864123300953,"success"
"alpha0_12",0.217530943299178,0.0990322381425814,0.0292090522017983,0.416955916102328,1.00017665046627,7133.83691177282,52,500,2277,224,159,106,1.01392337945988,80.864123300953,"success"
"alpha0_13",0.952450950787485,0.173800202085778,0.6249001455197,1.30566608559208,1.00045663725181,2654.23283756697,52,500,2277,224,159,106,1.01392337945988,80.864123300953,"success"
"alpha0_23",0.493061755125051,0.164829588528028,0.184492166431722,0.829691278137305,1.00021969724773,6009.15864797918,52,500,2277,224,159,106,1.01392337945988,80.864123300953,"success"
"alpha1_12",0.219954221271214,0.119770672903236,-0.018636315754284,0.452156249923678,1.0005039237717,13489.7699989084,52,500,2277,224,159,106,1.01392337945988,80.864123300953,"success"
"alpha1_13",0.42930399516392,0.226842303544888,-0.0320439034507252,0.854377444339372,1.00005735100325,2453.58089695945,52,500,2277,224,159,106,1.01392337945988,80.864123300953,"success"
"alpha1_23",0.417110715560537,0.185190263067725,0.0452534639977356,0.775303717617504,1.00029750732392,11819.4088713406,52,500,2277,224,159,106,1.01392337945988,80.864123300953,"success"
"beta0_y",2.0368429075339,0.0770794106443284,1.88510890780911,2.18718622148305,1.0002570185742,1626.193058481,53,500,2219,231,160,125,1.0216604495162,88.4863512292087,"success"
"beta1_y",0.495926953043496,0.0381755633263302,0.41991514685441,0.568068210192133,1.0216604495162,88.4863512292087,53,500,2219,231,160,125,1.0216604495162,88.4863512292087,"success"
"beta2_y",1.03044179843204,0.0739051781256769,0.887375593870376,1.17752996710252,1.00190106292019,1015.73554243542,53,500,2219,231,160,125,1.0216604495162,88.4863512292087,"success"
"sigma_b0",1.1370281891894,0.0695202421933515,1.00400615650278,1.27759777016839,1.00250015055642,2602.29674486267,53,500,2219,231,160,125,1.0216604495162,88.4863512292087,"success"
"sigma_b1",0.604919528638265,0.025728694708292,0.556932493117563,0.657835160966036,1.00073157154353,7183.64785386598,53,500,2219,231,160,125,1.0216604495162,88.4863512292087,"success"
"rho",0.384512702715587,0.0695858037764232,0.243172063484671,0.515841201449214,1.00032195957273,2878.92212170437,53,500,2219,231,160,125,1.0216604495162,88.4863512292087,"success"
"sigma_y",0.982287292824754,0.0180137069859857,0.947589909754848,1.01849751650942,0.999990814341469,13874.0245022373,53,500,2219,231,160,125,1.0216604495162,88.4863512292087,"success"
"lambda012",0.0794915609858169,0.00593100544284157,0.0682719503226518,0.091576551318705,1.00026790432197,17436.5030725653,53,500,2219,231,160,125,1.0216604495162,88.4863512292087,"success"
"lambda013",0.0461834414515361,0.00491143538002502,0.0369928718630251,0.0562293986793502,1.00087806818354,10914.6934870261,53,500,2219,231,160,125,1.0216604495162,88.4863512292087,"success"
"lambda023",0.0983573198256403,0.0112148437980846,0.0774148415580275,0.121384182976695,1.00045462461561,7024.62504278125,53,500,2219,231,160,125,1.0216604495162,88.4863512292087,"success"
"gamma12",-0.676060023324502,0.075932686750951,-0.824634055986626,-0.527228655511513,1.00010929560076,25550.5413103116,53,500,2219,231,160,125,1.0216604495162,88.4863512292087,"success"
"gamma13",0.58746349948309,0.101317929680658,0.390164102525172,0.788623921155778,1.00000771356072,9154.66103633412,53,500,2219,231,160,125,1.0216604495162,88.4863512292087,"success"
"gamma23",0.59600037534968,0.120358227167256,0.365399738699824,0.836708729974652,1.00002626057806,10136.1497204185,53,500,2219,231,160,125,1.0216604495162,88.4863512292087,"success"
"alpha0_12",0.309885508275591,0.0992423755775999,0.117750808831722,0.507630801673356,1.00016234575182,5075.03010959989,53,500,2219,231,160,125,1.0216604495162,88.4863512292087,"success"
"alpha0_13",0.585094499431887,0.148560939367199,0.290971132037347,0.875052622202866,1.00065795208593,2929.77310515254,53,500,2219,231,160,125,1.0216604495162,88.4863512292087,"success"
"alpha0_23",0.684132109670442,0.169009066238556,0.369292291224262,1.02998613549207,1.00126832515298,3654.65392988094,53,500,2219,231,160,125,1.0216604495162,88.4863512292087,"success"
"alpha1_12",0.0382531926109597,0.159863362941028,-0.278304974362461,0.34770447175395,1.00019460937096,6213.80816180283,53,500,2219,231,160,125,1.0216604495162,88.4863512292087,"success"
"alpha1_13",0.325786989208955,0.2254415018638,-0.116472241625027,0.77106548905004,1.00168019769609,2502.2599344888,53,500,2219,231,160,125,1.0216604495162,88.4863512292087,"success"
"alpha1_23",0.184346669271055,0.240462306616312,-0.297859847012444,0.641585933802437,1.00101148198449,4482.49054298515,53,500,2219,231,160,125,1.0216604495162,88.4863512292087,"success"
"beta0_y",2.05688421214414,0.0715143090383645,1.91734356935464,2.19755850566458,1.00210386860463,2047.24453304562,54,500,2215,227,158,124,1.02095064840934,110.780218864654,"success"
"beta1_y",0.496682895096572,0.0371376689398793,0.424271674973774,0.570613326581786,1.02095064840934,110.780218864654,54,500,2215,227,158,124,1.02095064840934,110.780218864654,"success"
"beta2_y",0.991706188522046,0.0651903958787918,0.865252333873886,1.12111857114814,1.00088705254051,1306.77473360967,54,500,2215,227,158,124,1.02095064840934,110.780218864654,"success"
"sigma_b0",0.974411179034174,0.0675718445969165,0.845217769173853,1.10997815312956,1.00092023902424,1869.47412304522,54,500,2215,227,158,124,1.02095064840934,110.780218864654,"success"
"sigma_b1",0.616234810887808,0.0267085105219936,0.566493546147721,0.670955187993812,1.00024976673675,5047.56252755274,54,500,2215,227,158,124,1.02095064840934,110.780218864654,"success"
"rho",0.41597118422204,0.0775564626047941,0.258959091817133,0.564370017929593,1.00036795395367,2252.96542287345,54,500,2215,227,158,124,1.02095064840934,110.780218864654,"success"
"sigma_y",1.00231121395303,0.0183209374202524,0.967215021879038,1.0390384014195,1.00001322756135,12678.743642386,54,500,2215,227,158,124,1.02095064840934,110.780218864654,"success"
"lambda012",0.0716741866851005,0.0056269432994475,0.060990858187856,0.083135540333472,1.00004418064618,15849.847879743,54,500,2215,227,158,124,1.02095064840934,110.780218864654,"success"
"lambda013",0.0417322539097618,0.00475624961299705,0.0328115027829946,0.0514784749204757,1.00070165977777,9727.13329432629,54,500,2215,227,158,124,1.02095064840934,110.780218864654,"success"
"lambda023",0.116954994405439,0.0129011936199917,0.0927123524037281,0.14339958676994,1.00059425815091,8237.89624508552,54,500,2215,227,158,124,1.02095064840934,110.780218864654,"success"
"gamma12",-0.576079075092925,0.0752589933319945,-0.723589304032438,-0.428266759882502,1.00006263442123,18190.0409275379,54,500,2215,227,158,124,1.02095064840934,110.780218864654,"success"
"gamma13",0.817884482946758,0.102309448846602,0.621641795182351,1.0234958179322,1.00003821387844,6725.61566207998,54,500,2215,227,158,124,1.02095064840934,110.780218864654,"success"
"gamma23",0.437441898331652,0.114293866627992,0.214879759942301,0.663705224843011,1.00004893221847,20884.7250126214,54,500,2215,227,158,124,1.02095064840934,110.780218864654,"success"
"alpha0_12",0.415716471133685,0.117701718875757,0.195779808964864,0.657482300137973,1.00072669820149,4372.16450413886,54,500,2215,227,158,124,1.02095064840934,110.780218864654,"success"
"alpha0_13",0.776709976175712,0.189970366030151,0.415560194884606,1.16153116772766,1.00089064360769,1843.10416657608,54,500,2215,227,158,124,1.02095064840934,110.780218864654,"success"
"alpha0_23",0.475847373393194,0.171074929930626,0.154067847149144,0.826337644123655,1.00038986271148,4673.03567717149,54,500,2215,227,158,124,1.02095064840934,110.780218864654,"success"
"alpha1_12",-0.0218883242591605,0.152774502406808,-0.333506295967952,0.266844058993302,1.00032794314784,5650.39342565038,54,500,2215,227,158,124,1.02095064840934,110.780218864654,"success"
"alpha1_13",0.350944039148548,0.295610406457138,-0.247602300279161,0.912383510578641,1.00268967605229,1606.77475382952,54,500,2215,227,158,124,1.02095064840934,110.780218864654,"success"
"alpha1_23",0.486205163311184,0.210451235692688,0.0643152399506775,0.88816333008886,1.00040586521341,5942.11062336824,54,500,2215,227,158,124,1.02095064840934,110.780218864654,"success"
"beta0_y",1.91806591424874,0.0607588056649778,1.79851871575315,2.0378378710641,1.00058173869729,2757.6411542098,55,500,2236,248,136,133,1.0161465544786,76.6317855964999,"success"
"beta1_y",0.501818618968244,0.0401094417378977,0.422403456750636,0.577861129864742,1.0161465544786,76.6317855964999,55,500,2236,248,136,133,1.0161465544786,76.6317855964999,"success"
"beta2_y",0.972363314717764,0.0559032657344511,0.864122501000221,1.08210323441159,1.00094074704435,1790.34600402593,55,500,2236,248,136,133,1.0161465544786,76.6317855964999,"success"
"sigma_b0",0.663443627024403,0.0670016940976133,0.532451184734376,0.795924088566376,1.00010834545201,938.804533858484,55,500,2236,248,136,133,1.0161465544786,76.6317855964999,"success"
"sigma_b1",0.621054010262496,0.0267452784559533,0.571130603396527,0.675691483706179,1.00033451146367,6034.7272685822,55,500,2236,248,136,133,1.0161465544786,76.6317855964999,"success"
"rho",0.295274614715626,0.0977067685337319,0.106335009106204,0.486607544735896,1.00023116012884,1573.71196393276,55,500,2236,248,136,133,1.0161465544786,76.6317855964999,"success"
"sigma_y",1.01794632439054,0.0183596443531373,0.982747223125334,1.05450338282491,1.00009571826476,9630.08485058965,55,500,2236,248,136,133,1.0161465544786,76.6317855964999,"success"
"lambda012",0.0851922466648099,0.00628754268730578,0.073290634570975,0.097850594862496,1.00003292778652,18709.3180556514,55,500,2236,248,136,133,1.0161465544786,76.6317855964999,"success"
"lambda013",0.0371756748470927,0.00474140776923283,0.0282907134707765,0.0469531257705813,1.00006979809224,8447.6587992284,55,500,2236,248,136,133,1.0161465544786,76.6317855964999,"success"
"lambda023",0.105833523516935,0.0129667779665395,0.0816775123415473,0.132803251879145,1.00019620265022,6708.15747776657,55,500,2236,248,136,133,1.0161465544786,76.6317855964999,"success"
"gamma12",-0.545958979099183,0.0710439539658605,-0.685929214960221,-0.407617753862431,1.0000101906019,26735.6575419686,55,500,2236,248,136,133,1.0161465544786,76.6317855964999,"success"
"gamma13",0.784910898304688,0.108109488596943,0.580056724035923,1.00464504698136,1.00001701484858,8542.92448890104,55,500,2236,248,136,133,1.0161465544786,76.6317855964999,"success"
"gamma23",0.531084826210854,0.116275017178226,0.306861327378029,0.763300179894252,1.00027506324189,9896.56330381731,55,500,2236,248,136,133,1.0161465544786,76.6317855964999,"success"
"alpha0_12",0.453413810251313,0.200014451372931,0.0857850819859019,0.875566913825953,1.0001040929849,2833.93920858426,55,500,2236,248,136,133,1.0161465544786,76.6317855964999,"success"
"alpha0_13",1.09021033642212,0.303913626636674,0.541838242091591,1.73448424451966,1.00093588933605,1930.85243834141,55,500,2236,248,136,133,1.0161465544786,76.6317855964999,"success"
"alpha0_23",1.27786770307064,0.395290974149461,0.578461736905429,2.12864283621816,1.00229108004319,1652.61397176148,55,500,2236,248,136,133,1.0161465544786,76.6317855964999,"success"
"alpha1_12",0.0860827285940494,0.146992055300053,-0.212212422812708,0.367024547870102,1.00016470419029,4856.89248980664,55,500,2236,248,136,133,1.0161465544786,76.6317855964999,"success"
"alpha1_13",0.53389144249586,0.260055904440338,0.00149348170748443,1.01906274967364,1.00058844747716,1824.14247765719,55,500,2236,248,136,133,1.0161465544786,76.6317855964999,"success"
"alpha1_23",-0.00662850723314882,0.233970460535079,-0.508952339564652,0.409055310649882,1.00046807457725,2375.09946518609,55,500,2236,248,136,133,1.0161465544786,76.6317855964999,"success"
"beta0_y",2.12337379971739,0.0717698101633826,1.98345695173602,2.26557044693472,1.00059166140443,2045.35083700654,56,500,2134,212,175,116,1.00973781443753,73.090570293982,"success"
"beta1_y",0.533477146728513,0.0423282255730205,0.448419346686121,0.612856392281899,1.00973781443753,73.090570293982,56,500,2134,212,175,116,1.00973781443753,73.090570293982,"success"
"beta2_y",0.96482723985206,0.0659685661862915,0.837257884623195,1.09513380950077,1.00352277306228,1430.21845156745,56,500,2134,212,175,116,1.00973781443753,73.090570293982,"success"
"sigma_b0",0.884093853124579,0.0715292026110613,0.748562206809251,1.02811544457283,1.00045183977482,1284.0574374467,56,500,2134,212,175,116,1.00973781443753,73.090570293982,"success"
"sigma_b1",0.622799763827406,0.0277060331142443,0.570963862260862,0.679349730069578,1.00002129908059,6353.48954849399,56,500,2134,212,175,116,1.00973781443753,73.090570293982,"success"
"rho",0.467322410866927,0.0850993425267527,0.294033860160685,0.626257797870663,1.0004705672822,1321.13426454474,56,500,2134,212,175,116,1.00973781443753,73.090570293982,"success"
"sigma_y",1.02091281720499,0.0193162005792134,0.983996684513643,1.05950202401914,1.00014693883074,7979.45018890021,56,500,2134,212,175,116,1.00973781443753,73.090570293982,"success"
"lambda012",0.0750298301923465,0.00599175653796441,0.063776791863141,0.087233898732016,1.00006102449365,8654.52128731379,56,500,2134,212,175,116,1.00973781443753,73.090570293982,"success"
"lambda013",0.0514717978322301,0.00545753090306018,0.0411573235420894,0.0625087729171902,1.00010327939766,7217.77581317517,56,500,2134,212,175,116,1.00973781443753,73.090570293982,"success"
"lambda023",0.108915270632815,0.0122857169979473,0.0859923730067206,0.134099660249528,1.00002746354258,10785.9730962692,56,500,2134,212,175,116,1.00973781443753,73.090570293982,"success"
"gamma12",-0.533097347456544,0.0755882605648787,-0.681551171336314,-0.384995644127002,1.00013875130051,21206.3067903365,56,500,2134,212,175,116,1.00973781443753,73.090570293982,"success"
"gamma13",0.690255652134762,0.0951652931200351,0.50743631329544,0.881441812545049,1.00006834043635,5689.77591385428,56,500,2134,212,175,116,1.00973781443753,73.090570293982,"success"
"gamma23",0.545695619180329,0.109669129730323,0.336756959699442,0.766833467933596,1.00017811583665,15027.9728304395,56,500,2134,212,175,116,1.00973781443753,73.090570293982,"success"
"alpha0_12",0.350703041532246,0.164297527290115,0.0338079096246957,0.686226997165127,1.00093567645591,3178.33422316039,56,500,2134,212,175,116,1.00973781443753,73.090570293982,"success"
"alpha0_13",0.843405492455768,0.261991354955574,0.361498529862321,1.3912493522452,1.00256824610703,1293.30124699083,56,500,2134,212,175,116,1.00973781443753,73.090570293982,"success"
"alpha0_23",0.581364316044982,0.240998361354455,0.134588544274517,1.0824011132503,1.00331189611838,2928.08326205504,56,500,2134,212,175,116,1.00973781443753,73.090570293982,"success"
"alpha1_12",0.33341872397153,0.179286082655213,-0.0285637240963819,0.679609956014948,1.00059529588193,4267.96717425714,56,500,2134,212,175,116,1.00973781443753,73.090570293982,"success"
"alpha1_13",0.0489271092780428,0.316162254601473,-0.602408930794591,0.6353085521903,1.00164053860486,1062.70085819172,56,500,2134,212,175,116,1.00973781443753,73.090570293982,"success"
"alpha1_23",0.197003983031762,0.244156841349261,-0.300212682893858,0.659705191538365,1.00203681619234,3348.29900318663,56,500,2134,212,175,116,1.00973781443753,73.090570293982,"success"
"beta0_y",1.95837570121662,0.0748229726596884,1.81418686376178,2.10566327129693,1.00118888814526,1864.48105876382,57,500,2225,245,152,132,1.0134226710175,68.6976554297601,"success"
"beta1_y",0.483611185774427,0.047341785613924,0.393490985621692,0.57954491859421,1.0134226710175,68.6976554297601,57,500,2225,245,152,132,1.0134226710175,68.6976554297601,"success"
"beta2_y",0.950952688467064,0.0728824257423649,0.808141652718009,1.09612569641805,1.00059779478678,1187.64179028525,57,500,2225,245,152,132,1.0134226710175,68.6976554297601,"success"
"sigma_b0",1.03495252247937,0.0696603030763091,0.901925955254729,1.17493940541781,1.001890676547,1867.30916948286,57,500,2225,245,152,132,1.0134226710175,68.6976554297601,"success"
"sigma_b1",0.636597249438823,0.0275233346307884,0.585341712433235,0.69346109608416,1.00040114756032,5272.83585599089,57,500,2225,245,152,132,1.0134226710175,68.6976554297601,"success"
"rho",0.285910258198843,0.0782199126189908,0.130612674135538,0.437374747816365,1.00472160764751,1964.01182172406,57,500,2225,245,152,132,1.0134226710175,68.6976554297601,"success"
"sigma_y",1.01804899517667,0.0185623483530955,0.98246154027241,1.05492621391533,1.00016465419413,13573.014973861,57,500,2225,245,152,132,1.0134226710175,68.6976554297601,"success"
"lambda012",0.0880282600795626,0.00637356025512841,0.0759781239757713,0.101030533078477,1.00000838810262,19594.5833674497,57,500,2225,245,152,132,1.0134226710175,68.6976554297601,"success"
"lambda013",0.0411455290164974,0.00521774097079087,0.0314092418977368,0.0518498614173708,1.00005329708435,7388.4744075472,57,500,2225,245,152,132,1.0134226710175,68.6976554297601,"success"
"lambda023",0.117159193906904,0.0120758529978586,0.094786519803814,0.142450490140032,0.999997435491941,8934.93461622587,57,500,2225,245,152,132,1.0134226710175,68.6976554297601,"success"
"gamma12",-0.521925473640218,0.0736391421983265,-0.666164275251005,-0.377445737510562,0.999992500547167,27516.9729326826,57,500,2225,245,152,132,1.0134226710175,68.6976554297601,"success"
"gamma13",0.740263904749255,0.112697649244502,0.523728596990349,0.965095640298047,1.00011622795404,6096.60074617911,57,500,2225,245,152,132,1.0134226710175,68.6976554297601,"success"
"gamma23",0.470692653161047,0.108565460084595,0.261621787892084,0.686897459083484,1.00002930107161,10199.0135520676,57,500,2225,245,152,132,1.0134226710175,68.6976554297601,"success"
"alpha0_12",0.232886763903688,0.0977824236163885,0.0440274940773923,0.428403459060048,1.0000331654314,6654.35001835104,57,500,2225,245,152,132,1.0134226710175,68.6976554297601,"success"
"alpha0_13",1.05107707948868,0.187888366965882,0.687150647302721,1.42969924181955,1.00057147664887,2022.53298886402,57,500,2225,245,152,132,1.0134226710175,68.6976554297601,"success"
"alpha0_23",0.603477132496936,0.170567172041003,0.279482458700064,0.95367127281203,1.00023908557938,3957.82014091062,57,500,2225,245,152,132,1.0134226710175,68.6976554297601,"success"
"alpha1_12",0.211262778088726,0.124771364188828,-0.0355539420003655,0.454138779168694,1.00003859738898,10746.5914654682,57,500,2225,245,152,132,1.0134226710175,68.6976554297601,"success"
"alpha1_13",-0.0553962732497371,0.313002742681332,-0.660214725933431,0.568953722757888,1.00151580599614,1113.64860154034,57,500,2225,245,152,132,1.0134226710175,68.6976554297601,"success"
"alpha1_23",0.320029693286273,0.182684316452044,-0.0486500874142886,0.668643280928761,1.00004902741462,6084.3861213035,57,500,2225,245,152,132,1.0134226710175,68.6976554297601,"success"
"beta0_y",2.04254618338202,0.0697736314082044,1.9037543695445,2.1789005505095,1.00289812715773,2160.9477330356,58,500,2306,232,144,116,1.18448138962396,117.0195961702,"success"
"beta1_y",0.505668095033147,0.0368615692855076,0.437026282526979,0.587327638541007,1.18448138962396,117.0195961702,58,500,2306,232,144,116,1.18448138962396,117.0195961702,"success"
"beta2_y",0.834090218059143,0.066001830774313,0.704785927801772,0.96431701606609,1.00228862513132,1355.77782617501,58,500,2306,232,144,116,1.18448138962396,117.0195961702,"success"
"sigma_b0",0.928779700682152,0.0647621602025728,0.805190836978272,1.05950965834299,1.00600335154884,2044.91227738934,58,500,2306,232,144,116,1.18448138962396,117.0195961702,"success"
"sigma_b1",0.618115561745134,0.0265411231886024,0.56869610616999,0.672383338771385,1.00728839373905,6613.05108784406,58,500,2306,232,144,116,1.18448138962396,117.0195961702,"success"
"rho",0.259928379587378,0.0803035812836576,0.102448427593081,0.415935665687596,1.00471014447371,2375.05005655489,58,500,2306,232,144,116,1.18448138962396,117.0195961702,"success"
"sigma_y",1.01663222738941,0.0181752877994038,0.981768968623542,1.05286212784567,1.00029918677251,12812.7895543458,58,500,2306,232,144,116,1.18448138962396,117.0195961702,"success"
"lambda012",0.0759452065771489,0.00582793645159943,0.0648417687575076,0.0877574526227954,1.00033291629383,12500.8350854797,58,500,2306,232,144,116,1.18448138962396,117.0195961702,"success"
"lambda013",0.0386356841922473,0.00452935369161337,0.03019465592064,0.0479208915636139,1.00182425657678,9600.86034919842,58,500,2306,232,144,116,1.18448138962396,117.0195961702,"success"
"lambda023",0.0897147988724753,0.0114563504999255,0.0681604117612171,0.113049353343068,1.00043025645288,7812.79463744259,58,500,2306,232,144,116,1.18448138962396,117.0195961702,"success"
"gamma12",-0.59237926372098,0.0807939502142922,-0.750228586006947,-0.433914606529354,1.00025036323224,14845.8713094683,58,500,2306,232,144,116,1.18448138962396,117.0195961702,"success"
"gamma13",0.757131619475348,0.10876992611654,0.546149179322557,0.97386113772057,1.00042692754861,9291.01806418332,58,500,2306,232,144,116,1.18448138962396,117.0195961702,"success"
"gamma23",0.556290138425626,0.125953953366015,0.314462802316635,0.808277667098127,1.00048927908219,10132.8508882905,58,500,2306,232,144,116,1.18448138962396,117.0195961702,"success"
"alpha0_12",0.508711046443756,0.120831446993709,0.280650241298144,0.757976302467244,1.00165073922122,4081.42759227824,58,500,2306,232,144,116,1.18448138962396,117.0195961702,"success"
"alpha0_13",0.836823626225213,0.184137441422921,0.488298202624286,1.20971877452593,1.00202235536008,2486.60156024479,58,500,2306,232,144,116,1.18448138962396,117.0195961702,"success"
"alpha0_23",0.960524517716964,0.231954424758033,0.526253969593837,1.4343276399498,1.00309790061515,2772.08726788224,58,500,2306,232,144,116,1.18448138962396,117.0195961702,"success"
"alpha1_12",0.0260982676319812,0.14704200361145,-0.267032555577179,0.309129455810643,1.00007406989091,6877.04519255206,58,500,2306,232,144,116,1.18448138962396,117.0195961702,"success"
"alpha1_13",0.365522922472861,0.232816973859985,-0.104580638754017,0.808683405766044,1.01492430720761,2453.14760925679,58,500,2306,232,144,116,1.18448138962396,117.0195961702,"success"
"alpha1_23",-0.0161024032609774,0.23234034771501,-0.482580908336076,0.429290505918826,1.00526828591308,4475.83935263039,58,500,2306,232,144,116,1.18448138962396,117.0195961702,"success"
"beta0_y",1.97013851956467,0.0763743710168128,1.82218141977553,2.12216978265432,1.00022372240435,1819.56936250005,59,500,2114,246,166,132,1.0311918841139,82.8470700143839,"success"
"beta1_y",0.520933179481025,0.0422867549947778,0.443416466547846,0.607250793855587,1.0311918841139,82.8470700143839,59,500,2114,246,166,132,1.0311918841139,82.8470700143839,"success"
"beta2_y",0.972155769493303,0.0718231638581071,0.833633765126196,1.11447507575798,1.00009261842087,1151.47649754901,59,500,2114,246,166,132,1.0311918841139,82.8470700143839,"success"
"sigma_b0",1.00966522447858,0.0707300942684286,0.87410032567487,1.15278994480918,1.00320913437024,1856.86435743071,59,500,2114,246,166,132,1.0311918841139,82.8470700143839,"success"
"sigma_b1",0.66550440042962,0.0298165563133747,0.609881987770796,0.726994020227041,1.00090552314833,4855.65020051002,59,500,2114,246,166,132,1.0311918841139,82.8470700143839,"success"
"rho",0.29194424938033,0.080953552465936,0.13147813997062,0.44803758481597,1.00280990349903,2255.3360354414,59,500,2114,246,166,132,1.0311918841139,82.8470700143839,"success"
"sigma_y",1.02202274034644,0.0194743831044882,0.984614170420128,1.06110617321689,1.00000603066489,11194.3924729124,59,500,2114,246,166,132,1.0311918841139,82.8470700143839,"success"
"lambda012",0.0878019609945687,0.0068220085277523,0.0749696898818827,0.101731583692527,1.00019099731565,14642.5024915757,59,500,2114,246,166,132,1.0311918841139,82.8470700143839,"success"
"lambda013",0.0528400343785078,0.00576714944944651,0.0419629736374407,0.0646210919649857,1.00137292261953,9776.91665905532,59,500,2114,246,166,132,1.0311918841139,82.8470700143839,"success"
"lambda023",0.100843580763159,0.0117395665777365,0.0791036849730993,0.124950210089664,1.00064838144112,5963.49026969635,59,500,2114,246,166,132,1.0311918841139,82.8470700143839,"success"
"gamma12",-0.614759115025767,0.0760418571352737,-0.765524730714021,-0.466517592882591,1.00000805232575,17794.5172800041,59,500,2114,246,166,132,1.0311918841139,82.8470700143839,"success"
"gamma13",0.786745643512653,0.100287273920008,0.595848985874409,0.988109696121096,1.0007960292585,5255.78077513481,59,500,2114,246,166,132,1.0311918841139,82.8470700143839,"success"
"gamma23",0.352265486286581,0.115018134478717,0.128913499544919,0.580024792513608,1.00027426608725,10780.7943317472,59,500,2114,246,166,132,1.0311918841139,82.8470700143839,"success"
"alpha0_12",0.387200896040586,0.102012483011937,0.196331054113879,0.596813921272341,1.00033054413605,5637.91636795557,59,500,2114,246,166,132,1.0311918841139,82.8470700143839,"success"
"alpha0_13",0.755959494256083,0.170883208329804,0.432373889714918,1.10602806198824,1.00116798188222,2519.6785459293,59,500,2114,246,166,132,1.0311918841139,82.8470700143839,"success"
"alpha0_23",0.692402612783098,0.180885661501299,0.355063998314528,1.06441438744088,1.00004312962874,3446.74831586233,59,500,2114,246,166,132,1.0311918841139,82.8470700143839,"success"
"alpha1_12",-0.0260117783324636,0.129227854778028,-0.283306467534043,0.221847031389296,1.0001234446273,7899.9572721216,59,500,2114,246,166,132,1.0311918841139,82.8470700143839,"success"
"alpha1_13",0.23599145050745,0.232729393209438,-0.245218576360384,0.675410256487728,1.00704862330193,1632.82212806546,59,500,2114,246,166,132,1.0311918841139,82.8470700143839,"success"
"alpha1_23",0.450784102809825,0.19716538892782,0.0538046948263788,0.825766328331724,1.00038607875233,5079.76502694353,59,500,2114,246,166,132,1.0311918841139,82.8470700143839,"success"
"beta0_y",2.02938960637905,0.0719694584901673,1.89012469293167,2.17093119913033,1.00000263772659,2187.30662737549,60,500,2191,230,153,128,1.04573914318243,89.4595838151508,"success"
"beta1_y",0.569119963972193,0.0399945977221674,0.490141057612983,0.647419482828711,1.04573914318243,89.4595838151508,60,500,2191,230,153,128,1.04573914318243,89.4595838151508,"success"
"beta2_y",0.878384211568344,0.0670825850556323,0.745267724992912,1.00882671070669,1.00248186931212,1504.04551612607,60,500,2191,230,153,128,1.04573914318243,89.4595838151508,"success"
"sigma_b0",0.899661518950875,0.0667376490795815,0.773954574233768,1.03400407210254,1.0001039028831,1624.36908997803,60,500,2191,230,153,128,1.04573914318243,89.4595838151508,"success"
"sigma_b1",0.608383023024399,0.0267215978287579,0.558326898693536,0.663070016181344,1.00063760927436,5907.62349534347,60,500,2191,230,153,128,1.04573914318243,89.4595838151508,"success"
"rho",0.250348774811769,0.0848678663604337,0.0832512943960032,0.414470394212224,1.00219573974082,2228.09584155446,60,500,2191,230,153,128,1.04573914318243,89.4595838151508,"success"
"sigma_y",1.04031635878401,0.0191768774664084,1.00332321377747,1.07869009275439,1.00011092018006,11367.830317391,60,500,2191,230,153,128,1.04573914318243,89.4595838151508,"success"
"lambda012",0.0819687841103058,0.00616274072573999,0.0703452634544585,0.0945768200141716,1.00090395339085,17437.6600841724,60,500,2191,230,153,128,1.04573914318243,89.4595838151508,"success"
"lambda013",0.0430889649608539,0.0049645914157509,0.0337536030292397,0.0531960824627163,1.00052277440614,10144.814260501,60,500,2191,230,153,128,1.04573914318243,89.4595838151508,"success"
"lambda023",0.104917191201475,0.0114130813527857,0.0834046525126182,0.128272993808362,1.00003430672382,10356.7383855509,60,500,2191,230,153,128,1.04573914318243,89.4595838151508,"success"
"gamma12",-0.511513119055384,0.0772165739422826,-0.663704094728025,-0.360787571976578,1.00005750124053,21083.4975803549,60,500,2191,230,153,128,1.04573914318243,89.4595838151508,"success"
"gamma13",0.669936941926905,0.103430974126098,0.471440679959051,0.877684760734754,1.00018933402595,8746.05864052304,60,500,2191,230,153,128,1.04573914318243,89.4595838151508,"success"
"gamma23",0.407168266577674,0.116479773095397,0.183814298731922,0.640168142189622,1.00020537503788,11146.3498309381,60,500,2191,230,153,128,1.04573914318243,89.4595838151508,"success"
"alpha0_12",0.415142573984237,0.135182960774396,0.16453492269033,0.693758907728191,1.00061514983758,3590.25464204221,60,500,2191,230,153,128,1.04573914318243,89.4595838151508,"success"
"alpha0_13",0.8593640782989,0.212079500524558,0.448145037454063,1.28452588665689,1.00052726031695,2256.16164435167,60,500,2191,230,153,128,1.04573914318243,89.4595838151508,"success"
"alpha0_23",0.69648990937256,0.206409591893286,0.316621536509131,1.12726296446351,1.00005452459294,3204.26092876227,60,500,2191,230,153,128,1.04573914318243,89.4595838151508,"success"
"alpha1_12",0.124284369497714,0.147076134140837,-0.172782011079447,0.404598646323385,1.00010507805446,5796.31185303199,60,500,2191,230,153,128,1.04573914318243,89.4595838151508,"success"
"alpha1_13",0.442750957639325,0.244808233337567,-0.0507532015651042,0.909570403650097,1.00359465547865,1970.02822223892,60,500,2191,230,153,128,1.04573914318243,89.4595838151508,"success"
"alpha1_23",-0.0944644701273662,0.216232724087299,-0.539242388776767,0.313058733851352,1.00014151223015,4721.54880564439,60,500,2191,230,153,128,1.04573914318243,89.4595838151508,"success"
"beta0_y",2.18647196652852,0.0756500438104306,2.04019861516021,2.3375905645903,1.0009103502999,1862.03101262106,61,500,2121,242,155,138,1.00303810633685,105.172403378732,"success"
"beta1_y",0.384213991209651,0.0387710046367255,0.311026855475264,0.463485568054092,1.00303810633685,105.172403378732,61,500,2121,242,155,138,1.00303810633685,105.172403378732,"success"
"beta2_y",1.01377603466771,0.0691870079372471,0.881147106805724,1.15053228136308,1.00196375615623,1275.92081778664,61,500,2121,242,155,138,1.00303810633685,105.172403378732,"success"
"sigma_b0",1.08901360271127,0.0698883470569499,0.955473743911711,1.22888860756461,1.0007150478039,2285.25943751402,61,500,2121,242,155,138,1.00303810633685,105.172403378732,"success"
"sigma_b1",0.591780462633783,0.0260999649568555,0.543116614855906,0.645055726516198,1.00006436693412,5770.64417679289,61,500,2121,242,155,138,1.00303810633685,105.172403378732,"success"
"rho",0.251101898224675,0.0762626195813691,0.101320906599898,0.39798063075453,1.00240012421033,3058.17911299847,61,500,2121,242,155,138,1.00303810633685,105.172403378732,"success"
"sigma_y",0.986480711979957,0.0184822042020634,0.950929926385329,1.02353055914168,1.00012130201081,13595.9741241437,61,500,2121,242,155,138,1.00303810633685,105.172403378732,"success"
"lambda012",0.0962119128658857,0.00698863989488003,0.0830582743457415,0.110395008076278,1.00006549782921,12465.5789158804,61,500,2121,242,155,138,1.00303810633685,105.172403378732,"success"
"lambda013",0.044198719791761,0.00544100608156365,0.0340873744057813,0.0553687504349767,1.00008470333046,8908.5158554041,61,500,2121,242,155,138,1.00303810633685,105.172403378732,"success"
"lambda023",0.121082396376898,0.0118696113403282,0.0991197485540501,0.145539045773756,1.00000091118398,12799.1068111926,61,500,2121,242,155,138,1.00303810633685,105.172403378732,"success"
"gamma12",-0.535320678176784,0.0715216374067641,-0.675751836280472,-0.395494608937756,0.999991053137559,22141.5311967764,61,500,2121,242,155,138,1.00303810633685,105.172403378732,"success"
"gamma13",0.707280722827606,0.101847655086439,0.510889010687623,0.911739265063281,1.00041553053691,7145.04746288942,61,500,2121,242,155,138,1.00303810633685,105.172403378732,"success"
"gamma23",0.557285580129675,0.108106138308042,0.34864235560394,0.771283305990157,1.00016944733395,14454.1672454117,61,500,2121,242,155,138,1.00303810633685,105.172403378732,"success"
"alpha0_12",0.306896384238262,0.096171084727077,0.120110769404564,0.498382257229448,1.00001689053368,6367.97713756887,61,500,2121,242,155,138,1.00303810633685,105.172403378732,"success"
"alpha0_13",0.847891504920407,0.149582494429105,0.563571089632266,1.14945221421946,1.00026857053305,3534.63727927945,61,500,2121,242,155,138,1.00303810633685,105.172403378732,"success"
"alpha0_23",0.516889103378038,0.134328476397671,0.26774870081653,0.79453753599108,1.00000083331037,5321.87371325166,61,500,2121,242,155,138,1.00303810633685,105.172403378732,"success"
"alpha1_12",0.226138574416918,0.133484749671108,-0.0389140223608109,0.484621054055238,1.00002169076782,9699.48024613283,61,500,2121,242,155,138,1.00303810633685,105.172403378732,"success"
"alpha1_13",0.29923114673749,0.24316698509437,-0.194795585817392,0.764419969935052,1.00028891432731,2916.69725261686,61,500,2121,242,155,138,1.00303810633685,105.172403378732,"success"
"alpha1_23",0.24840674600241,0.188270239116863,-0.131173262093594,0.609179435319166,1.00003437381774,7089.896083318,61,500,2121,242,155,138,1.00303810633685,105.172403378732,"success"
"beta0_y",2.01805951172758,0.0672349991992327,1.88707129059898,2.14973132590751,1.00118821811611,2220.24820173066,62,500,2305,231,154,116,1.00225644046101,77.9769469059573,"success"
"beta1_y",0.483682444518457,0.0385111099535349,0.413368636888585,0.561529704270369,1.00225644046101,77.9769469059573,62,500,2305,231,154,116,1.00225644046101,77.9769469059573,"success"
"beta2_y",1.01108770346879,0.0630218160907026,0.887061548102266,1.13505035614048,1.0006333603642,1493.42770661077,62,500,2305,231,154,116,1.00225644046101,77.9769469059573,"success"
"sigma_b0",0.858168532328074,0.0655694629057453,0.730462949402935,0.988290050497395,1.00085184057747,1605.32551855913,62,500,2305,231,154,116,1.00225644046101,77.9769469059573,"success"
"sigma_b1",0.622878776664437,0.0259236408577844,0.574461485828932,0.675588327272635,1.00004102740338,8105.10280260322,62,500,2305,231,154,116,1.00225644046101,77.9769469059573,"success"
"rho",0.233708381400319,0.0816523129657576,0.0735274930778893,0.395162023739854,1.00018318339141,2586.02801060544,62,500,2305,231,154,116,1.00225644046101,77.9769469059573,"success"
"sigma_y",0.992959339407354,0.0175361158162597,0.959427067009892,1.02808993055299,1.00000156865147,13014.8298892597,62,500,2305,231,154,116,1.00225644046101,77.9769469059573,"success"
"lambda012",0.0741707388697795,0.00593089435128969,0.0630346572081181,0.0862202979393469,1.0000378165814,11168.1137792767,62,500,2305,231,154,116,1.00225644046101,77.9769469059573,"success"
"lambda013",0.0415379770172303,0.00461822442937794,0.0329933885426328,0.0510914098704205,1.00014365875466,10961.7920370505,62,500,2305,231,154,116,1.00225644046101,77.9769469059573,"success"
"lambda023",0.0876058030477764,0.0110832161676211,0.0666543280145126,0.110237429901651,1.00062590683293,7924.68346733851,62,500,2305,231,154,116,1.00225644046101,77.9769469059573,"success"
"gamma12",-0.523639217322921,0.0788929779695519,-0.678483436911091,-0.369252840183003,1.00029235934772,15521.4871890071,62,500,2305,231,154,116,1.00225644046101,77.9769469059573,"success"
"gamma13",0.937243157786789,0.104408144734816,0.735946940097433,1.14496441968941,1.00008391154414,10315.9165983765,62,500,2305,231,154,116,1.00225644046101,77.9769469059573,"success"
"gamma23",0.622536690126801,0.127661358645154,0.379110931418543,0.880154454360796,1.00053215906197,8689.95538126452,62,500,2305,231,154,116,1.00225644046101,77.9769469059573,"success"
"alpha0_12",0.569314476821354,0.129324380289228,0.33043147375158,0.837682804018938,1.00005173696693,4557.49882095107,62,500,2305,231,154,116,1.00225644046101,77.9769469059573,"success"
"alpha0_13",0.840143732845118,0.193083271928406,0.476439913246987,1.23976219240651,1.00003367994184,2646.32503444022,62,500,2305,231,154,116,1.00225644046101,77.9769469059573,"success"
"alpha0_23",1.01084368632486,0.225357163226568,0.59265603110913,1.478035811058,1.00114206686492,3798.58744978764,62,500,2305,231,154,116,1.00225644046101,77.9769469059573,"success"
"alpha1_12",0.0929819728622078,0.137817225460036,-0.183577330707027,0.355130632037011,1.00001007226646,8279.02070202712,62,500,2305,231,154,116,1.00225644046101,77.9769469059573,"success"
"alpha1_13",0.267758130401185,0.210319693170385,-0.159161056845885,0.665245564806282,1.00008022341145,2436.57881135831,62,500,2305,231,154,116,1.00225644046101,77.9769469059573,"success"
"alpha1_23",0.255594966652504,0.202661363257973,-0.155170032823311,0.639590592455962,1.00005155891381,6617.11365600107,62,500,2305,231,154,116,1.00225644046101,77.9769469059573,"success"
"beta0_y",1.97377252851194,0.074494236542044,1.82729147565942,2.11892794737454,1.00707358879629,1749.80034994086,63,500,2226,219,165,119,1.04463360323242,91.9915174170866,"success"
"beta1_y",0.514659581579284,0.0389635250246597,0.440546232605868,0.591960736509679,1.04463360323242,91.9915174170866,63,500,2226,219,165,119,1.04463360323242,91.9915174170866,"success"
"beta2_y",0.890295116652134,0.0686962243464283,0.754253823381113,1.02397643413021,1.00115393888447,1107.23497691419,63,500,2226,219,165,119,1.04463360323242,91.9915174170866,"success"
"sigma_b0",1.10720206057282,0.0685984372237469,0.975303374963677,1.24423957292812,1.00132785376729,2817.79051751089,63,500,2226,219,165,119,1.04463360323242,91.9915174170866,"success"
"sigma_b1",0.65477160013761,0.029221139553395,0.600289673739665,0.714916913379386,1.00259054504998,5192.22238169998,63,500,2226,219,165,119,1.04463360323242,91.9915174170866,"success"
"rho",0.287000799806,0.0740241656745098,0.137646088074573,0.427585906719833,1.00082078619637,3449.78995684409,63,500,2226,219,165,119,1.04463360323242,91.9915174170866,"success"
"sigma_y",0.983588582078382,0.0182522934286966,0.948570078142216,1.02010593370119,1.00008299457185,13038.0850214151,63,500,2226,219,165,119,1.04463360323242,91.9915174170866,"success"
"lambda012",0.0722008010518774,0.00561959774247757,0.0616680279564783,0.0836039143944782,1.00013233363971,18057.5720130902,63,500,2226,219,165,119,1.04463360323242,91.9915174170866,"success"
"lambda013",0.0464791497772439,0.004905604878205,0.0373572190414575,0.0565836331557123,1.00000949432847,10707.1763822289,63,500,2226,219,165,119,1.04463360323242,91.9915174170866,"success"
"lambda023",0.10322367364292,0.0114846332713346,0.0817014965265601,0.126658836431781,1.00006988289848,9387.14890420655,63,500,2226,219,165,119,1.04463360323242,91.9915174170866,"success"
"gamma12",-0.666795249220086,0.0768637726208802,-0.818859647735943,-0.517484528397478,0.999992781938521,19474.4998286748,63,500,2226,219,165,119,1.04463360323242,91.9915174170866,"success"
"gamma13",0.531808099533981,0.0901296459044714,0.357288920766745,0.709558105529133,1.0000557208336,14515.8423674241,63,500,2226,219,165,119,1.04463360323242,91.9915174170866,"success"
"gamma23",0.536738761707771,0.117563995415259,0.308742563195125,0.770785957008551,1.00038762894893,15240.7255192178,63,500,2226,219,165,119,1.04463360323242,91.9915174170866,"success"
"alpha0_12",0.305413732977797,0.0910316682592767,0.130445911301241,0.488908427108803,1.00002410464438,7050.4949172376,63,500,2226,219,165,119,1.04463360323242,91.9915174170866,"success"
"alpha0_13",0.459910030296286,0.145896137961941,0.184066085904301,0.757541113719503,1.0035017917893,2501.30005456892,63,500,2226,219,165,119,1.04463360323242,91.9915174170866,"success"
"alpha0_23",0.568940524511947,0.137896603282147,0.309398778739717,0.850530782408523,1.00032437200232,6845.43134903848,63,500,2226,219,165,119,1.04463360323242,91.9915174170866,"success"
"alpha1_12",0.0866478036793403,0.138773028542928,-0.189132917696412,0.355263169690095,1.00008443176818,10020.7550013664,63,500,2226,219,165,119,1.04463360323242,91.9915174170866,"success"
"alpha1_13",0.662558174328655,0.247996047294484,0.161081886822084,1.13456427339229,1.00751579770721,1693.46167429495,63,500,2226,219,165,119,1.04463360323242,91.9915174170866,"success"
"alpha1_23",0.282612194943965,0.184710766604832,-0.0864012791783098,0.63984722169012,1.00050399073127,9483.9334292316,63,500,2226,219,165,119,1.04463360323242,91.9915174170866,"success"
"beta0_y",1.98484322960431,0.070957837480005,1.84696156704314,2.12288864248254,1.00005906071323,2073.91832317084,64,500,2303,245,146,133,1.0562074889358,76.3936171675735,"success"
"beta1_y",0.527807063535371,0.04153585871389,0.445615346119195,0.609298988820814,1.0562074889358,76.3936171675735,64,500,2303,245,146,133,1.0562074889358,76.3936171675735,"success"
"beta2_y",0.951430455050014,0.0716540011544643,0.812940232487075,1.0929378561178,1.00005873394251,1331.59485515433,64,500,2303,245,146,133,1.0562074889358,76.3936171675735,"success"
"sigma_b0",0.934688051957431,0.064721756210395,0.808913524264134,1.06315793461063,1.00170342325589,2225.20089819797,64,500,2303,245,146,133,1.0562074889358,76.3936171675735,"success"
"sigma_b1",0.653462204686322,0.0273983282742508,0.602363337103508,0.709815371093449,1.00379993764987,6977.71319606968,64,500,2303,245,146,133,1.0562074889358,76.3936171675735,"success"
"rho",0.281063789251797,0.0775203342889534,0.126954658296619,0.430312677032265,1.00405076824081,3117.85689741084,64,500,2303,245,146,133,1.0562074889358,76.3936171675735,"success"
"sigma_y",1.00910739383121,0.0180637602717672,0.974547188336431,1.04522845913836,1.0000491994684,14264.6617515741,64,500,2303,245,146,133,1.0562074889358,76.3936171675735,"success"
"lambda012",0.0816644022121426,0.00600201961261114,0.0704053072971749,0.0938372172071278,1.00047475783583,14721.6438223762,64,500,2303,245,146,133,1.0562074889358,76.3936171675735,"success"
"lambda013",0.0459854440390169,0.00477334404115722,0.0370292042386869,0.0557167245208537,1.00033356533074,11514.3992819036,64,500,2303,245,146,133,1.0562074889358,76.3936171675735,"success"
"lambda023",0.105997646160493,0.011576521549585,0.0840404271739821,0.129567580425381,1.00029230746283,8250.066791329,64,500,2303,245,146,133,1.0562074889358,76.3936171675735,"success"
"gamma12",-0.427000548879481,0.0814218221619574,-0.586236818363347,-0.26738056127151,0.99999158824231,19280.1054881361,64,500,2303,245,146,133,1.0562074889358,76.3936171675735,"success"
"gamma13",0.689636509358905,0.109756142218834,0.47686894434784,0.906599031951518,1.00004317418321,10950.5094817835,64,500,2303,245,146,133,1.0562074889358,76.3936171675735,"success"
"gamma23",0.441155318073252,0.107617151013291,0.23314065766893,0.655997455149353,1.00000802863555,9951.75263467697,64,500,2303,245,146,133,1.0562074889358,76.3936171675735,"success"
"alpha0_12",0.389534867394739,0.123397022050366,0.155416740312084,0.641728253886346,1.00055675734915,4162.76867608068,64,500,2303,245,146,133,1.0562074889358,76.3936171675735,"success"
"alpha0_13",0.704774118249496,0.180859224118946,0.363051198422588,1.07344435626705,1.00036297557981,2958.40466465719,64,500,2303,245,146,133,1.0562074889358,76.3936171675735,"success"
"alpha0_23",0.716523854027654,0.211726863494963,0.328255098119831,1.15467622892458,1.00052632812607,2589.00895129888,64,500,2303,245,146,133,1.0562074889358,76.3936171675735,"success"
"alpha1_12",0.108300566949056,0.136089325011171,-0.166073396962346,0.367945451492778,1.00008364740376,6052.45355787574,64,500,2303,245,146,133,1.0562074889358,76.3936171675735,"success"
"alpha1_13",0.341071666092489,0.224667685593729,-0.104150709673994,0.773674359183158,1.00630662942773,2175.85461323301,64,500,2303,245,146,133,1.0562074889358,76.3936171675735,"success"
"alpha1_23",0.00783934367036377,0.215003876475753,-0.430039368391951,0.412130114335072,1.00078393982781,3709.3276486484,64,500,2303,245,146,133,1.0562074889358,76.3936171675735,"success"
"beta0_y",1.9110731082209,0.0735929403509385,1.76817275027399,2.05721919726596,1.00142612606465,1938.68480912067,65,500,2222,251,146,137,1.03015127654215,81.5817459505788,"success"
"beta1_y",0.536350459262286,0.0432149802442384,0.454867355648126,0.628441633735012,1.03015127654215,81.5817459505788,65,500,2222,251,146,137,1.03015127654215,81.5817459505788,"success"
"beta2_y",0.962388281297959,0.0698916717747201,0.827706968825339,1.10111970919294,1.00012817438069,1231.09121886341,65,500,2222,251,146,137,1.03015127654215,81.5817459505788,"success"
"sigma_b0",1.01500700885979,0.0663246414451222,0.887138685208029,1.147063245201,1.00039339838122,2473.04250819786,65,500,2222,251,146,137,1.03015127654215,81.5817459505788,"success"
"sigma_b1",0.640106113444181,0.0274567097771039,0.588741908800424,0.696629413546666,1.00061424687077,6012.32360079956,65,500,2222,251,146,137,1.03015127654215,81.5817459505788,"success"
"rho",0.242280173804634,0.0761754935279986,0.0923189164604775,0.390276928430341,1.00002336640684,3532.52669847632,65,500,2222,251,146,137,1.03015127654215,81.5817459505788,"success"
"sigma_y",1.01935820413996,0.0187383957457224,0.983498706706613,1.05693352734651,1.0000355709313,14012.8035036987,65,500,2222,251,146,137,1.03015127654215,81.5817459505788,"success"
"lambda012",0.0916633872423196,0.00645710696002263,0.0794558454985971,0.104765701978722,1.00034632173945,10892.8055318537,65,500,2222,251,146,137,1.03015127654215,81.5817459505788,"success"
"lambda013",0.0430436570632316,0.00514494249935634,0.033290834619027,0.0535252671524792,1.0001968342947,6278.90414973138,65,500,2222,251,146,137,1.03015127654215,81.5817459505788,"success"
"lambda023",0.101416515284433,0.00953199377192546,0.0834926872737064,0.120936152540495,1.00025361802596,13041.6283320309,65,500,2222,251,146,137,1.03015127654215,81.5817459505788,"success"
"gamma12",-0.422486001623907,0.0711943604259614,-0.561817600822438,-0.283090502908263,0.999991446416528,27974.125922539,65,500,2222,251,146,137,1.03015127654215,81.5817459505788,"success"
"gamma13",0.657258200250698,0.109390097914695,0.448159555311795,0.877642736018931,1.00010818035057,6520.83167751465,65,500,2222,251,146,137,1.03015127654215,81.5817459505788,"success"
"gamma23",0.392907085219841,0.0944375423767039,0.210306263363958,0.579560514254808,1.00022186222892,23271.7365405603,65,500,2222,251,146,137,1.03015127654215,81.5817459505788,"success"
"alpha0_12",0.233280029647508,0.105930225981059,0.0283689059359951,0.444347721140664,1.00015624361084,4970.8116079692,65,500,2222,251,146,137,1.03015127654215,81.5817459505788,"success"
"alpha0_13",0.802383890188228,0.175880418848269,0.47324308442374,1.16105809217869,1.00029610270079,2244.12127341826,65,500,2222,251,146,137,1.03015127654215,81.5817459505788,"success"
"alpha0_23",0.288136754009536,0.139303637246639,0.0222210089742355,0.571424426140519,1.00055628372845,5036.93432040735,65,500,2222,251,146,137,1.03015127654215,81.5817459505788,"success"
"alpha1_12",0.332983975482473,0.127157714482799,0.082970052602856,0.582577660118301,0.999998987467038,7309.11705453931,65,500,2222,251,146,137,1.03015127654215,81.5817459505788,"success"
"alpha1_13",0.514399858950085,0.240093941229961,0.0371573302519416,0.977636778519328,1.00368979117989,1874.07181990315,65,500,2222,251,146,137,1.03015127654215,81.5817459505788,"success"
"alpha1_23",0.470981145595436,0.189115419859874,0.100152812958993,0.843869063193473,1.00035802088108,5371.96255243494,65,500,2222,251,146,137,1.03015127654215,81.5817459505788,"success"
"beta0_y",2.10713547804566,0.0718428913424483,1.96698911883114,2.24970340699911,1.00095968159434,2000.19466340389,66,500,2120,240,148,135,1.01156329210601,98.4175846344374,"success"
"beta1_y",0.525543048040919,0.0409214068982542,0.452184847390331,0.607819851312697,1.01156329210601,98.4175846344374,66,500,2120,240,148,135,1.01156329210601,98.4175846344374,"success"
"beta2_y",0.964241279668607,0.069165570196665,0.830388998021965,1.10314772745819,1.00002268867658,1178.48930635882,66,500,2120,240,148,135,1.01156329210601,98.4175846344374,"success"
"sigma_b0",0.970548342399174,0.0657238983247448,0.844986876002082,1.10126129504055,1.00025446216116,2277.06490903474,66,500,2120,240,148,135,1.01156329210601,98.4175846344374,"success"
"sigma_b1",0.60585380382451,0.0269260065473166,0.555654774023744,0.660981738540024,1.00046445652937,5902.91095637297,66,500,2120,240,148,135,1.01156329210601,98.4175846344374,"success"
"rho",0.206277307189183,0.0807357486046504,0.044431739062233,0.362704182572396,1.00004143839911,2965.33459654385,66,500,2120,240,148,135,1.01156329210601,98.4175846344374,"success"
"sigma_y",0.988567748049394,0.0185271864384923,0.953041196175073,1.0255435141267,1.00000361647301,13608.4459922029,66,500,2120,240,148,135,1.01156329210601,98.4175846344374,"success"
"lambda012",0.0835984610027015,0.00620537057800177,0.0718892922032379,0.0961669321592326,1.00019451055355,14945.2231243287,66,500,2120,240,148,135,1.01156329210601,98.4175846344374,"success"
"lambda013",0.0433018056132982,0.00509682893225981,0.033726779253413,0.0536555945421036,1.00050378764637,7547.41584716768,66,500,2120,240,148,135,1.01156329210601,98.4175846344374,"success"
"lambda023",0.136428878792325,0.0139806673746929,0.11020728403722,0.164898480644918,1.00053397589459,10569.8729804528,66,500,2120,240,148,135,1.01156329210601,98.4175846344374,"success"
"gamma12",-0.453368304746321,0.0709859300856688,-0.591555990388256,-0.313766868997689,1.00000980081432,19891.649359933,66,500,2120,240,148,135,1.01156329210601,98.4175846344374,"success"
"gamma13",0.707632094742084,0.10407064941627,0.508381008757052,0.915182431311503,1.00001645539368,6675.2524830345,66,500,2120,240,148,135,1.01156329210601,98.4175846344374,"success"
"gamma23",0.666470922500935,0.114807335313599,0.44514578818039,0.895030370077178,1.00008786436679,12283.8470074157,66,500,2120,240,148,135,1.01156329210601,98.4175846344374,"success"
"alpha0_12",0.360061423790972,0.109526402079481,0.150704564838422,0.581896472298615,1.00015912500043,5300.92641607868,66,500,2120,240,148,135,1.01156329210601,98.4175846344374,"success"
"alpha0_13",0.881313282343157,0.192023656469275,0.517958139512304,1.27317493808371,1.00076172297433,2181.91828105806,66,500,2120,240,148,135,1.01156329210601,98.4175846344374,"success"
"alpha0_23",0.607895953592508,0.173671223282146,0.282648636503517,0.9666967594242,1.00019554448309,4187.52302306861,66,500,2120,240,148,135,1.01156329210601,98.4175846344374,"success"
"alpha1_12",0.18044276956353,0.142700846748184,-0.103474778099388,0.457310949013198,1.00033485349469,8415.9768483603,66,500,2120,240,148,135,1.01156329210601,98.4175846344374,"success"
"alpha1_13",0.332227085859729,0.280788761412838,-0.241924360752805,0.863441087727263,1.00152290340971,1451.59508893728,66,500,2120,240,148,135,1.01156329210601,98.4175846344374,"success"
"alpha1_23",0.274124751259575,0.187662893187834,-0.104423052830761,0.630210236975088,1.0002111452885,7119.97379925111,66,500,2120,240,148,135,1.01156329210601,98.4175846344374,"success"
"beta0_y",1.98185825349841,0.0704082801160616,1.84550168305398,2.12184709273465,1.00005726086099,2155.98170008572,67,500,2313,228,153,106,1.00737265673515,95.3056982393854,"success"
"beta1_y",0.518556502670472,0.0398574263992634,0.447097536530269,0.59953773573724,1.00737265673515,95.3056982393854,67,500,2313,228,153,106,1.00737265673515,95.3056982393854,"success"
"beta2_y",0.957011497505769,0.0656746037044814,0.828265456975824,1.08724727152063,1.00011127649478,1274.63832969464,67,500,2313,228,153,106,1.00737265673515,95.3056982393854,"success"
"sigma_b0",0.938579575058649,0.065504002620532,0.814553598418342,1.07170573685802,1.0002738753087,2119.3304742827,67,500,2313,228,153,106,1.00737265673515,95.3056982393854,"success"
"sigma_b1",0.577751565313351,0.0252756046629379,0.530717565364267,0.629938958372341,1.00068899831373,4998.72829308935,67,500,2313,228,153,106,1.00737265673515,95.3056982393854,"success"
"rho",0.223416218663162,0.0760526178381898,0.0730639648984945,0.369295673673014,1.00004699688938,3665.62849623544,67,500,2313,228,153,106,1.00737265673515,95.3056982393854,"success"
"sigma_y",1.00949474543693,0.0178890702243933,0.975236970177574,1.04508523015928,1.0001952247992,13123.3229677501,67,500,2313,228,153,106,1.00737265673515,95.3056982393854,"success"
"lambda012",0.073679643965769,0.00576089290137361,0.0628053116293356,0.0853698571789106,1.00012217086572,18295.6367859985,67,500,2313,228,153,106,1.00737265673515,95.3056982393854,"success"
"lambda013",0.0418142968110193,0.00472469576497094,0.0330018089205299,0.0515315066672534,1.00116621272992,11011.6630151526,67,500,2313,228,153,106,1.00737265673515,95.3056982393854,"success"
"lambda023",0.0846977836003076,0.0109929348676546,0.0639091396666213,0.107132469786945,1.0001831898311,8162.67461329344,67,500,2313,228,153,106,1.00737265673515,95.3056982393854,"success"
"gamma12",-0.600876860542972,0.078552407001099,-0.756350346544163,-0.447762888519269,1.00004164757385,19499.1903399974,67,500,2313,228,153,106,1.00737265673515,95.3056982393854,"success"
"gamma13",0.70781617495276,0.0981278641272777,0.517683794163308,0.901376381479486,1.00021541030718,8002.94118298332,67,500,2313,228,153,106,1.00737265673515,95.3056982393854,"success"
"gamma23",0.533266379798436,0.12463620737671,0.29337504049338,0.783909175582565,1.00012873740201,9995.4372191911,67,500,2313,228,153,106,1.00737265673515,95.3056982393854,"success"
"alpha0_12",0.397518574339829,0.111106843688204,0.18418522950831,0.622484186689055,1.00082674227604,5714.98790882279,67,500,2313,228,153,106,1.00737265673515,95.3056982393854,"success"
"alpha0_13",0.770935678410173,0.181724106430494,0.426480406368974,1.14067377681743,1.0022825998742,2325.89393824644,67,500,2313,228,153,106,1.00737265673515,95.3056982393854,"success"
"alpha0_23",0.854517324332695,0.245258238540591,0.397719123185506,1.36002058100139,1.00005287095496,2601.5438405741,67,500,2313,228,153,106,1.00737265673515,95.3056982393854,"success"
"alpha1_12",0.0342814909256135,0.141726192574668,-0.24421039379679,0.309086426676362,1.00034336735646,10514.7572668914,67,500,2313,228,153,106,1.00737265673515,95.3056982393854,"success"
"alpha1_13",0.552961904533213,0.271388868223241,0.0190643398280328,1.08269192244855,1.00115925417198,1545.92630365785,67,500,2313,228,153,106,1.00737265673515,95.3056982393854,"success"
"alpha1_23",0.0902006594315864,0.248428511938386,-0.421115792054552,0.55596476110131,1.00033631252449,4050.74827586315,67,500,2313,228,153,106,1.00737265673515,95.3056982393854,"success"
"beta0_y",2.05392672497224,0.074265453458897,1.91073450642672,2.20083011303308,1.00067831854418,1923.96639140924,68,500,2272,246,140,140,1.08382285668794,84.3213578614588,"success"
"beta1_y",0.556904901880088,0.0413066700732124,0.476912514952956,0.637538150442062,1.08382285668794,84.3213578614588,68,500,2272,246,140,140,1.08382285668794,84.3213578614588,"success"
"beta2_y",1.02391033135757,0.0719656019363203,0.882909237080958,1.16430051493233,1.00398561629617,1260.11946710366,68,500,2272,246,140,140,1.08382285668794,84.3213578614588,"success"
"sigma_b0",1.02207151507799,0.0672281456441776,0.894113063281899,1.15721008009747,1.00015996785474,2153.43115827119,68,500,2272,246,140,140,1.08382285668794,84.3213578614588,"success"
"sigma_b1",0.640385795263538,0.028041022928746,0.588109785970065,0.698149116937488,1.00778223706913,4765.60822381006,68,500,2272,246,140,140,1.08382285668794,84.3213578614588,"success"
"rho",0.343863639660244,0.0773451078890232,0.189069757064787,0.491416876339516,1.00045869346038,2295.85693282473,68,500,2272,246,140,140,1.08382285668794,84.3213578614588,"success"
"sigma_y",1.03944363516571,0.0187379792457821,1.00326237812513,1.07686740473373,1.00039376054198,13049.6259373644,68,500,2272,246,140,140,1.08382285668794,84.3213578614588,"success"
"lambda012",0.0889015955119177,0.0066997707454636,0.0763614444465972,0.102639565015009,1.00147219519779,7748.7158908039,68,500,2272,246,140,140,1.08382285668794,84.3213578614588,"success"
"lambda013",0.036270585230932,0.004581545983683,0.0277259560775684,0.0457155575503835,1.00078331975022,8250.3982105193,68,500,2272,246,140,140,1.08382285668794,84.3213578614588,"success"
"lambda023",0.115791388501143,0.0118128053652817,0.0935550459490703,0.139836005897515,1.00381698533593,8560.0746344357,68,500,2272,246,140,140,1.08382285668794,84.3213578614588,"success"
"gamma12",-0.397561175496909,0.0775275051622202,-0.550306830594267,-0.24745439136639,1.00015973186828,9038.51427941178,68,500,2272,246,140,140,1.08382285668794,84.3213578614588,"success"
"gamma13",0.898030650031425,0.114997914429622,0.67648134082293,1.12928133455487,1.00007678843237,7821.68873410148,68,500,2272,246,140,140,1.08382285668794,84.3213578614588,"success"
"gamma23",0.35381507148909,0.105224101241272,0.1519867211783,0.563616421154804,1.00007079002942,19041.0192462468,68,500,2272,246,140,140,1.08382285668794,84.3213578614588,"success"
"alpha0_12",0.600396894782937,0.12201086058262,0.373305718315614,0.85296165277292,1.0014588455812,3791.29412569947,68,500,2272,246,140,140,1.08382285668794,84.3213578614588,"success"
"alpha0_13",0.887825566741517,0.194158363884915,0.519922143827933,1.28161453583129,1.00100398553618,2378.25431614093,68,500,2272,246,140,140,1.08382285668794,84.3213578614588,"success"
"alpha0_23",0.387764850976756,0.187796096749371,0.0359330546323885,0.773669399405171,1.00106669062334,2969.77354158165,68,500,2272,246,140,140,1.08382285668794,84.3213578614588,"success"
"alpha1_12",0.0232964661032425,0.148072368807878,-0.275905759303949,0.305498824699784,1.00224797922878,5284.302664045,68,500,2272,246,140,140,1.08382285668794,84.3213578614588,"success"
"alpha1_13",0.424419147378953,0.264894111926054,-0.103188198001271,0.931508316342716,1.01240673020963,1964.69628479488,68,500,2272,246,140,140,1.08382285668794,84.3213578614588,"success"
"alpha1_23",0.473670929322729,0.201980730089507,0.0750202491651603,0.869040067583241,1.00302937433817,4604.1628455627,68,500,2272,246,140,140,1.08382285668794,84.3213578614588,"success"
"beta0_y",2.02021553844481,0.0697136529773102,1.88400333516816,2.15727655364601,1.00060787928395,2062.75979079526,69,500,2153,226,156,118,1.06507195685444,93.737067613372,"success"
"beta1_y",0.505628190864658,0.0411991868782694,0.425866425325414,0.589557587947536,1.06507195685444,93.737067613372,69,500,2153,226,156,118,1.06507195685444,93.737067613372,"success"
"beta2_y",0.959835101929877,0.0639082083777552,0.836803490288571,1.08787157874809,1.00017344596414,1434.93149679483,69,500,2153,226,156,118,1.06507195685444,93.737067613372,"success"
"sigma_b0",0.872413717411286,0.0667443794647556,0.742114831443826,1.00412984830208,1.00193856192826,1716.99905475659,69,500,2153,226,156,118,1.06507195685444,93.737067613372,"success"
"sigma_b1",0.639433291706635,0.0284735247535561,0.586364016816629,0.697781624612551,1.00200381351005,4552.02378550929,69,500,2153,226,156,118,1.06507195685444,93.737067613372,"success"
"rho",0.213675803504378,0.083319612803665,0.048070276191816,0.374615440957496,1.00182995171081,2705.38669579794,69,500,2153,226,156,118,1.06507195685444,93.737067613372,"success"
"sigma_y",0.998564514180099,0.0189906563351133,0.962009885568246,1.03640896842066,1.00004279121345,9842.1304092162,69,500,2153,226,156,118,1.06507195685444,93.737067613372,"success"
"lambda012",0.0784599994039886,0.00595310131607996,0.0672078339033698,0.0904921502796268,1.00079133147689,19045.6941009573,69,500,2153,226,156,118,1.06507195685444,93.737067613372,"success"
"lambda013",0.0444637818099412,0.00502337256984634,0.035049642502894,0.0547526510308707,1.00243717008246,9177.46224105377,69,500,2153,226,156,118,1.06507195685444,93.737067613372,"success"
"lambda023",0.110447965228862,0.0114766446231975,0.088771570153729,0.133728196353875,1.00173918983332,12686.7482060692,69,500,2153,226,156,118,1.06507195685444,93.737067613372,"success"
"gamma12",-0.545210979737087,0.0806579690990859,-0.70436540264875,-0.387783736842647,1.00006063988298,24013.3094043543,69,500,2153,226,156,118,1.06507195685444,93.737067613372,"success"
"gamma13",0.716450301451857,0.0989701884217611,0.52411442001733,0.912645462566315,1.00016097733052,8309.91237524706,69,500,2153,226,156,118,1.06507195685444,93.737067613372,"success"
"gamma23",0.453741891351178,0.104856926205084,0.247760632875312,0.658792804860346,1.00012860907173,24580.8628585604,69,500,2153,226,156,118,1.06507195685444,93.737067613372,"success"
"alpha0_12",0.377413745205111,0.124443059541328,0.142143850956916,0.631547675499954,1.00007955668005,4498.59448072111,69,500,2153,226,156,118,1.06507195685444,93.737067613372,"success"
"alpha0_13",0.846639094315738,0.219179809089486,0.423472916815577,1.28267135073765,1.00234661123501,1873.57487071796,69,500,2153,226,156,118,1.06507195685444,93.737067613372,"success"
"alpha0_23",0.396604332857435,0.207707958383758,0.00318090128590117,0.820201739621048,1.00021094165632,3689.17350745785,69,500,2153,226,156,118,1.06507195685444,93.737067613372,"success"
"alpha1_12",0.0773213756151667,0.127602431959891,-0.179913389459242,0.320732374448331,1.00023131003157,8047.81629274513,69,500,2153,226,156,118,1.06507195685444,93.737067613372,"success"
"alpha1_13",0.504107898522622,0.234443394096528,0.0272474635154298,0.946073988380987,1.01091256515139,1464.19800544938,69,500,2153,226,156,118,1.06507195685444,93.737067613372,"success"
"alpha1_23",0.440911516690603,0.179031199531317,0.0828891419890099,0.78216769634885,1.00091043808195,6290.32943343988,69,500,2153,226,156,118,1.06507195685444,93.737067613372,"success"
"beta0_y",1.96167631630006,0.070909553012637,1.82483501490198,2.10139307279506,1.00088643367312,1940.29491977428,70,500,2365,237,137,128,1.08063286662719,102.786998496853,"success"
"beta1_y",0.48903692631808,0.0357173393946129,0.417621218521266,0.560088110624173,1.08063286662719,102.786998496853,70,500,2365,237,137,128,1.08063286662719,102.786998496853,"success"
"beta2_y",0.857552314896751,0.0670646051709474,0.725042412877381,0.987855813903618,1.00026575343797,1097.03385845473,70,500,2365,237,137,128,1.08063286662719,102.786998496853,"success"
"sigma_b0",0.983673351946554,0.0654439964025142,0.858394990772493,1.11581774809086,1.00147365023788,2450.43905732209,70,500,2365,237,137,128,1.08063286662719,102.786998496853,"success"
"sigma_b1",0.594164085452074,0.0247359148534837,0.548068556569644,0.644995924885907,1.00229013008566,6717.08731385998,70,500,2365,237,137,128,1.08063286662719,102.786998496853,"success"
"rho",0.191887952681923,0.0775518353497968,0.0385913320581138,0.342383934921621,1.00339469550812,3622.16308695461,70,500,2365,237,137,128,1.08063286662719,102.786998496853,"success"
"sigma_y",0.977220958418426,0.0173017133705369,0.944156090804267,1.01188538134243,1.00069125383577,12387.4689379821,70,500,2365,237,137,128,1.08063286662719,102.786998496853,"success"
"lambda012",0.0737981193654718,0.00534651621389317,0.0636879170619067,0.0846038588337557,1.00175150056433,15612.2732996334,70,500,2365,237,137,128,1.08063286662719,102.786998496853,"success"
"lambda013",0.0356098150696424,0.00412274151561286,0.0278181924046341,0.0440035343551926,1.00391153738523,10080.3571070973,70,500,2365,237,137,128,1.08063286662719,102.786998496853,"success"
"lambda023",0.10548739116788,0.0112702577093477,0.084484892854783,0.128465503015313,1.00342722967661,9580.07608221681,70,500,2365,237,137,128,1.08063286662719,102.786998496853,"success"
"gamma12",-0.602584150982353,0.0722372763550051,-0.743912772366405,-0.460310873798561,1.00007720859851,18795.9738468177,70,500,2365,237,137,128,1.08063286662719,102.786998496853,"success"
"gamma13",0.58692885672906,0.104194530113237,0.386742928061719,0.794712693644622,1.00009332063138,10244.2424244788,70,500,2365,237,137,128,1.08063286662719,102.786998496853,"success"
"gamma23",0.461721800865827,0.111328938944809,0.244982096394947,0.682258083556312,1.00004080720749,13236.6912970557,70,500,2365,237,137,128,1.08063286662719,102.786998496853,"success"
"alpha0_12",0.279088741146766,0.107061506550566,0.0725965534465032,0.494431929625585,1.00049475868008,5963.79781878059,70,500,2365,237,137,128,1.08063286662719,102.786998496853,"success"
"alpha0_13",0.66826344641946,0.182397681051022,0.319303104869724,1.03615411162434,1.00099180190532,2292.57439265173,70,500,2365,237,137,128,1.08063286662719,102.786998496853,"success"
"alpha0_23",0.546361395547821,0.157865088800977,0.246733038562599,0.86831181768017,1.00011152332527,4081.71059094175,70,500,2365,237,137,128,1.08063286662719,102.786998496853,"success"
"alpha1_12",0.270028951661058,0.130239796116021,0.00902974942300136,0.522832849857512,1.00003353216811,9777.5675853807,70,500,2365,237,137,128,1.08063286662719,102.786998496853,"success"
"alpha1_13",0.456593239690166,0.257660039504733,-0.0609600073837203,0.947971462213061,1.00484620351844,1937.9889114554,70,500,2365,237,137,128,1.08063286662719,102.786998496853,"success"
"alpha1_23",0.496660724548455,0.196078911146742,0.102960554546662,0.873415043232343,1.00084167706789,6679.42302107439,70,500,2365,237,137,128,1.08063286662719,102.786998496853,"success"
"beta0_y",1.81634567253438,0.0738409730063898,1.66981550723634,1.96187981967708,1.00074333849323,1840.63427760981,71,500,2282,236,144,107,1.0313040565524,93.9463488820572,"success"
"beta1_y",0.524344423816842,0.0379339166122726,0.456771274350455,0.598736700513043,1.0313040565524,93.9463488820572,71,500,2282,236,144,107,1.0313040565524,93.9463488820572,"success"
"beta2_y",1.07282213022007,0.0710312056529102,0.93439667390945,1.21181337959488,1.00214951174501,1133.59315705113,71,500,2282,236,144,107,1.0313040565524,93.9463488820572,"success"
"sigma_b0",1.02717530108241,0.0650311277296089,0.901567223915132,1.15582315712616,1.00193809777475,2747.58651486119,71,500,2282,236,144,107,1.0313040565524,93.9463488820572,"success"
"sigma_b1",0.60899477371942,0.0270834619553187,0.558652737365117,0.664611082263515,1.00086792829383,5358.88679610408,71,500,2282,236,144,107,1.0313040565524,93.9463488820572,"success"
"rho",0.404231752850223,0.0690630015792387,0.26397689346164,0.534203277091166,1.00311337288429,3352.77849632929,71,500,2282,236,144,107,1.0313040565524,93.9463488820572,"success"
"sigma_y",0.991149909126759,0.0177325437035397,0.957033566692437,1.02649668696597,1.00002579230338,14650.0168968936,71,500,2282,236,144,107,1.0313040565524,93.9463488820572,"success"
"lambda012",0.0802326895138792,0.0058082926964771,0.0693254174569579,0.0919848374035557,1.0007806843286,12307.674851074,71,500,2282,236,144,107,1.0313040565524,93.9463488820572,"success"
"lambda013",0.0433283938043918,0.00453786279190719,0.0347884986223536,0.0525092936256011,1.00081578168337,11909.9354089397,71,500,2282,236,144,107,1.0313040565524,93.9463488820572,"success"
"lambda023",0.0892650899347767,0.0104369747554075,0.0696296500715075,0.110566330394817,1.00023320247911,11245.2892259048,71,500,2282,236,144,107,1.0313040565524,93.9463488820572,"success"
"gamma12",-0.457350740396962,0.0750756594921095,-0.605137502539341,-0.310520368117141,1.00027979425731,27621.671179981,71,500,2282,236,144,107,1.0313040565524,93.9463488820572,"success"
"gamma13",0.639075397758135,0.097354388550318,0.448937428046603,0.831984094241044,1.00008561447886,12865.2404358039,71,500,2282,236,144,107,1.0313040565524,93.9463488820572,"success"
"gamma23",0.748701900149275,0.12270167471151,0.509046599690601,0.989808560472143,1.00020180325272,15902.7944719774,71,500,2282,236,144,107,1.0313040565524,93.9463488820572,"success"
"alpha0_12",0.245869808535498,0.107449069674765,0.0346847306152876,0.457933761246924,1.00078095813031,5449.43420881921,71,500,2282,236,144,107,1.0313040565524,93.9463488820572,"success"
"alpha0_13",0.484730915362795,0.199309700439504,0.091804094422538,0.878135480370565,1.00458317239623,1774.14766521691,71,500,2282,236,144,107,1.0313040565524,93.9463488820572,"success"
"alpha0_23",0.606740734106713,0.179208623297896,0.269029465353682,0.975441106396387,1.00018333330064,4372.03458011474,71,500,2282,236,144,107,1.0313040565524,93.9463488820572,"success"
"alpha1_12",0.33069935626412,0.151573354422071,0.0323430747154899,0.627754604569456,1.00065373029078,6932.20722430097,71,500,2282,236,144,107,1.0313040565524,93.9463488820572,"success"
"alpha1_13",0.508145835649352,0.310745535034702,-0.103020689115731,1.11718505023801,1.00770747859032,1626.12137388599,71,500,2282,236,144,107,1.0313040565524,93.9463488820572,"success"
"alpha1_23",0.220660432108021,0.236994132447427,-0.256932682856227,0.676356763537498,1.00051830552318,4939.3403508698,71,500,2282,236,144,107,1.0313040565524,93.9463488820572,"success"
"beta0_y",1.93225250198198,0.0682071892819861,1.80086935909344,2.06688486379923,1.0011029236078,2305.61823759979,72,500,2218,256,147,126,1.00341811361909,100.242769608639,"success"
"beta1_y",0.542315443179363,0.0396311079722444,0.462481343637848,0.616621051740575,1.00021756684517,100.242769608639,72,500,2218,256,147,126,1.00341811361909,100.242769608639,"success"
"beta2_y",0.953792385421047,0.0643550423232872,0.827340843608167,1.08084397068167,1.00118605978076,1458.04366278801,72,500,2218,256,147,126,1.00341811361909,100.242769608639,"success"
"sigma_b0",0.902936646863184,0.0643422016386589,0.781099539905463,1.03308410580478,1.00341811361909,1994.57932941157,72,500,2218,256,147,126,1.00341811361909,100.242769608639,"success"
"sigma_b1",0.600303841889416,0.026500343959148,0.551354063054567,0.655155510858975,1.00005091150478,5256.37468422409,72,500,2218,256,147,126,1.00341811361909,100.242769608639,"success"
"rho",0.310533387313972,0.0802468497512127,0.151037935565973,0.463942381503277,1.00057725111004,2629.60992903181,72,500,2218,256,147,126,1.00341811361909,100.242769608639,"success"
"sigma_y",1.01029631338562,0.0184034587547533,0.97485124646806,1.0470893693549,1.00026592224069,13851.6303899621,72,500,2218,256,147,126,1.00341811361909,100.242769608639,"success"
"lambda012",0.0837840858111786,0.0061387286308013,0.0722075842607463,0.0962549701980668,1.00045352930959,17802.2285529067,72,500,2218,256,147,126,1.00341811361909,100.242769608639,"success"
"lambda013",0.042204381820815,0.00463306121977395,0.0335081322629209,0.0517639252882293,1.00000428021765,11629.3848793521,72,500,2218,256,147,126,1.00341811361909,100.242769608639,"success"
"lambda023",0.0973088635792325,0.0109166331763128,0.0766900638095163,0.119412989012288,1.00007127980377,9229.77754325342,72,500,2218,256,147,126,1.00341811361909,100.242769608639,"success"
"gamma12",-0.569936674295111,0.0709942110734905,-0.708817712184309,-0.430069929317518,1.00017692988378,20590.8373473324,72,500,2218,256,147,126,1.00341811361909,100.242769608639,"success"
"gamma13",0.72788589126254,0.0921341247542892,0.548762768519612,0.910447180023721,0.999991647154404,13641.4209756262,72,500,2218,256,147,126,1.00341811361909,100.242769608639,"success"
"gamma23",0.379156170571708,0.106990764544977,0.169142537777266,0.589468169222942,1.00015209853617,15906.7534166063,72,500,2218,256,147,126,1.00341811361909,100.242769608639,"success"
"alpha0_12",0.343775539102121,0.108276600820129,0.13807908269942,0.56381036634108,1.00094028790168,5707.44598470313,72,500,2218,256,147,126,1.00341811361909,100.242769608639,"success"
"alpha0_13",0.408787013892718,0.198489134560695,0.0283113619515332,0.809833895769376,1.00061696120345,2322.36557341946,72,500,2218,256,147,126,1.00341811361909,100.242769608639,"success"
"alpha0_23",0.654870374193316,0.191020307294788,0.29621460956216,1.05050971905079,1.00072983714603,3888.03952402981,72,500,2218,256,147,126,1.00341811361909,100.242769608639,"success"
"alpha1_12",0.0968707153817608,0.132419931160199,-0.165835498905517,0.352813516855315,1.00024658978682,8554.95751204363,72,500,2218,256,147,126,1.00341811361909,100.242769608639,"success"
"alpha1_13",0.795352803542277,0.276371447052095,0.228605810480214,1.31941155337393,1.00094893710837,2149.66816668583,72,500,2218,256,147,126,1.00341811361909,100.242769608639,"success"
"alpha1_23",0.192891032160464,0.223096794155209,-0.256613876563634,0.617319500633778,1.0002114327826,5064.96149938952,72,500,2218,256,147,126,1.00341811361909,100.242769608639,"success"
"beta0_y",1.94554821057189,0.0667318367042247,1.81759799353517,2.08002079720603,1.00009726959076,2316.79769484784,73,500,2433,246,132,119,1.02832018529742,95.262813857833,"success"
"beta1_y",0.46769429584071,0.0348597333234068,0.396787406850884,0.535245255113805,1.02832018529742,95.262813857833,73,500,2433,246,132,119,1.02832018529742,95.262813857833,"success"
"beta2_y",0.849380475122289,0.0677635119050136,0.717371828431829,0.98317143964486,1.00046173788955,1343.61942016047,73,500,2433,246,132,119,1.02832018529742,95.262813857833,"success"
"sigma_b0",0.931316497025889,0.0653184445955926,0.80655585691534,1.06153635701777,1.00353594998212,1884.74798391653,73,500,2433,246,132,119,1.02832018529742,95.262813857833,"success"
"sigma_b1",0.654232419048024,0.0266050348605227,0.604534852981231,0.708925118326006,1.00029436687611,9861.39717968035,73,500,2433,246,132,119,1.02832018529742,95.262813857833,"success"
"rho",0.242426826120007,0.0783797008210105,0.0873566326785264,0.394251056733509,1.0091462652206,2833.87992602607,73,500,2433,246,132,119,1.02832018529742,95.262813857833,"success"
"sigma_y",1.01539588498064,0.0175024304994307,0.981605319218319,1.05015520467358,1.00007068209139,14128.0254715573,73,500,2433,246,132,119,1.02832018529742,95.262813857833,"success"
"lambda012",0.0810664681835129,0.00610799371961882,0.0695886405504003,0.0935015637685629,1.00027621639132,14101.2068054375,73,500,2433,246,132,119,1.02832018529742,95.262813857833,"success"
"lambda013",0.0355947026377952,0.00435897430381358,0.0274881786674816,0.0445885377617644,1.00070997403652,11231.9402746259,73,500,2433,246,132,119,1.02832018529742,95.262813857833,"success"
"lambda023",0.079899424908833,0.0102407143928377,0.0607773327921774,0.100828089524791,1.00010026906949,8128.0682509598,73,500,2433,246,132,119,1.02832018529742,95.262813857833,"success"
"gamma12",-0.5096826215915,0.0802948991242518,-0.666807416802916,-0.353283808841186,1.00023078119899,15808.0725859953,73,500,2433,246,132,119,1.02832018529742,95.262813857833,"success"
"gamma13",0.833087609034369,0.111851687842669,0.618003352109066,1.05623947727488,1.0001567409899,9050.58048448584,73,500,2433,246,132,119,1.02832018529742,95.262813857833,"success"
"gamma23",0.467375361929154,0.12499040949372,0.226595912311073,0.716767757984871,1.00005653377553,9713.54436690797,73,500,2433,246,132,119,1.02832018529742,95.262813857833,"success"
"alpha0_12",0.512846874927351,0.121860161245239,0.283737968331243,0.761414642588989,1.00086416110103,4041.17064108677,73,500,2433,246,132,119,1.02832018529742,95.262813857833,"success"
"alpha0_13",0.939069088760655,0.176661772440443,0.607669147731991,1.30332133250951,1.00012483265955,3378.67057628877,73,500,2433,246,132,119,1.02832018529742,95.262813857833,"success"
"alpha0_23",1.00096287278419,0.203871170525159,0.62508052798978,1.42684799235752,1.00024000321877,4011.2147189176,73,500,2433,246,132,119,1.02832018529742,95.262813857833,"success"
"alpha1_12",0.0680197219609413,0.127065318004908,-0.188618230502199,0.311220702080082,1.00016406548806,7508.56082901087,73,500,2433,246,132,119,1.02832018529742,95.262813857833,"success"
"alpha1_13",0.0821909469593301,0.216318015447185,-0.35395692786193,0.492083284484974,1.0006487870186,3338.06525137214,73,500,2433,246,132,119,1.02832018529742,95.262813857833,"success"
"alpha1_23",0.0978243661187448,0.204964473042384,-0.311505446114854,0.488913925418968,0.999997683922262,7242.01410025393,73,500,2433,246,132,119,1.02832018529742,95.262813857833,"success"
"beta0_y",2.02576015165942,0.0679704678901376,1.89538301235149,2.16065091097614,1.00118235782585,2063.21115900294,74,500,2256,252,139,146,1.01336938652002,69.480927053604,"success"
"beta1_y",0.451628856608021,0.0407323710249181,0.36297031182377,0.527438318673295,1.01336938652002,69.480927053604,74,500,2256,252,139,146,1.01336938652002,69.480927053604,"success"
"beta2_y",0.999339989861734,0.0627843785212442,0.876530018099421,1.12308399915844,1.00004530220333,1454.77903534458,74,500,2256,252,139,146,1.01336938652002,69.480927053604,"success"
"sigma_b0",0.900415535543263,0.0679005673555327,0.772527745242875,1.03743188094863,1.00063418501508,1499.11862234898,74,500,2256,252,139,146,1.01336938652002,69.480927053604,"success"
"sigma_b1",0.621126094105902,0.0260942643138179,0.572305945161987,0.674725560063516,1.00124759428291,7029.88351387012,74,500,2256,252,139,146,1.01336938652002,69.480927053604,"success"
"rho",0.380207260374931,0.0768474344456395,0.22506630594713,0.525503551998313,1.0024473586182,1997.45731737287,74,500,2256,252,139,146,1.01336938652002,69.480927053604,"success"
"sigma_y",0.999293936447177,0.0179259659305898,0.964854520296319,1.03509777342979,1.00019969815628,14697.5588713029,74,500,2256,252,139,146,1.01336938652002,69.480927053604,"success"
"lambda012",0.0903652251524931,0.00666509853865613,0.0778026196042556,0.103975720707161,1.00075869507939,10159.1427921598,74,500,2256,252,139,146,1.01336938652002,69.480927053604,"success"
"lambda013",0.0376850361397203,0.00480784069836877,0.0286655355541921,0.0474833646184894,1.00068210849619,9170.76204656762,74,500,2256,252,139,146,1.01336938652002,69.480927053604,"success"
"lambda023",0.100497620195887,0.0111381439999504,0.0796927035346018,0.123285972189329,1.00090614005873,9374.004545519,74,500,2256,252,139,146,1.01336938652002,69.480927053604,"success"
"gamma12",-0.46766826245772,0.0689144384584828,-0.603651128848931,-0.333228509002104,1.00006626133991,13174.4571575218,74,500,2256,252,139,146,1.01336938652002,69.480927053604,"success"
"gamma13",0.826000494651291,0.113571442009431,0.61008025825666,1.05524434527761,1.00015298345774,6998.56345160552,74,500,2256,252,139,146,1.01336938652002,69.480927053604,"success"
"gamma23",0.248592799045119,0.104884619283513,0.0459995674256539,0.457582897215544,1.00066780739192,11120.894854935,74,500,2256,252,139,146,1.01336938652002,69.480927053604,"success"
"alpha0_12",0.548933775956406,0.13773230928146,0.288092004032132,0.828735621063612,1.00139700773216,3855.23172257722,74,500,2256,252,139,146,1.01336938652002,69.480927053604,"success"
"alpha0_13",0.993393605742161,0.212069796432775,0.596345412877149,1.43311615760836,1.00240590048146,2372.20134531646,74,500,2256,252,139,146,1.01336938652002,69.480927053604,"success"
"alpha0_23",0.86808223621537,0.193621963598464,0.514488492335001,1.27352976720553,1.0011488692418,3313.88171094803,74,500,2256,252,139,146,1.01336938652002,69.480927053604,"success"
"alpha1_12",0.0890647863529212,0.16087190698775,-0.23485492097248,0.395978657342834,1.00121754295909,5537.64145209939,74,500,2256,252,139,146,1.01336938652002,69.480927053604,"success"
"alpha1_13",0.0662040097283519,0.2937663667464,-0.515291869773425,0.63303923005559,1.00478479898643,1948.63925438346,74,500,2256,252,139,146,1.01336938652002,69.480927053604,"success"
"alpha1_23",-0.00743276446136884,0.199864389749922,-0.417950207182833,0.365981219195201,1.0008896658454,4510.25768791657,74,500,2256,252,139,146,1.01336938652002,69.480927053604,"success"
"beta0_y",1.99983839364459,0.0784336554447342,1.84623921670097,2.15392435681569,1.00108750038591,1621.79581192311,75,500,2262,232,156,123,1.01798404762071,113.135491911589,"success"
"beta1_y",0.456408226090229,0.0358937431107121,0.393540892863597,0.534868443479329,1.01798404762071,113.135491911589,75,500,2262,232,156,123,1.01798404762071,113.135491911589,"success"
"beta2_y",0.939552265626239,0.0755617014480001,0.79316001703192,1.087681663228,1.00040469007765,1038.36704873684,75,500,2262,232,156,123,1.01798404762071,113.135491911589,"success"
"sigma_b0",1.13921701314118,0.0714560938418018,1.00424891242007,1.28284052116432,1.00073508960844,2441.52165906379,75,500,2262,232,156,123,1.01798404762071,113.135491911589,"success"
"sigma_b1",0.551988812287722,0.0235730221531936,0.507987889171251,0.600304816609856,1.00078000489277,9101.79906519849,75,500,2262,232,156,123,1.01798404762071,113.135491911589,"success"
"rho",0.212466350422096,0.0783697932225606,0.0573141466657024,0.365063220920858,1.00067303007369,3091.45988886453,75,500,2262,232,156,123,1.01798404762071,113.135491911589,"success"
"sigma_y",0.998733511993014,0.018291316744761,0.963705728445259,1.03539588101279,1.0000382862738,13283.6426585196,75,500,2262,232,156,123,1.01798404762071,113.135491911589,"success"
"lambda012",0.0802393705109824,0.00586905033872532,0.0692075653752439,0.092172033241304,1.00019552918714,19297.6663333199,75,500,2262,232,156,123,1.01798404762071,113.135491911589,"success"
"lambda013",0.0433786715728243,0.00484338883744343,0.0342029092633662,0.0532379681507303,1.00034528759694,9991.02815032789,75,500,2262,232,156,123,1.01798404762071,113.135491911589,"success"
"lambda023",0.101387053539638,0.0109901448302027,0.0807721861286036,0.123926444760217,1.00001834981228,10885.6177366589,75,500,2262,232,156,123,1.01798404762071,113.135491911589,"success"
"gamma12",-0.539178227816186,0.0733531508335974,-0.682357949540721,-0.394679799578955,1.0000474613547,21839.8152359891,75,500,2262,232,156,123,1.01798404762071,113.135491911589,"success"
"gamma13",0.680626668124599,0.106472004484835,0.475176851184481,0.890907520114481,1.00012020107527,9385.51514125564,75,500,2262,232,156,123,1.01798404762071,113.135491911589,"success"
"gamma23",0.602962366675284,0.12098037141704,0.371228970929698,0.84628583684339,1.00006731021489,9136.54947912657,75,500,2262,232,156,123,1.01798404762071,113.135491911589,"success"
"alpha0_12",0.298166753398486,0.0917995517912683,0.12136083472636,0.483012159929909,1.00049934771218,5916.27980751875,75,500,2262,232,156,123,1.01798404762071,113.135491911589,"success"
"alpha0_13",0.697224013601055,0.130277091523773,0.451146066032317,0.9615972256813,1.00040169317104,3690.74965405789,75,500,2262,232,156,123,1.01798404762071,113.135491911589,"success"
"alpha0_23",0.612498685308429,0.161832357944697,0.310338317132257,0.945898405666187,1.00122398658671,3830.05989044513,75,500,2262,232,156,123,1.01798404762071,113.135491911589,"success"
"alpha1_12",0.0594355053784845,0.15360507916505,-0.24372798576742,0.359888810780933,1.0000156898116,9754.90801635123,75,500,2262,232,156,123,1.01798404762071,113.135491911589,"success"
"alpha1_13",-0.0460904928862813,0.256140892800148,-0.55734878905943,0.452803154590412,1.00136085621533,2481.29405654019,75,500,2262,232,156,123,1.01798404762071,113.135491911589,"success"
"alpha1_23",-0.10120842702909,0.248642071001472,-0.601556382037552,0.371053269894683,1.00019932513657,4696.6132593991,75,500,2262,232,156,123,1.01798404762071,113.135491911589,"success"
"beta0_y",2.07967554570776,0.0666111741163667,1.94950241995967,2.21108473864502,1.0003677990484,2449.00488039074,76,500,2240,231,146,117,1.02645184291061,83.1841730466371,"success"
"beta1_y",0.463383013424027,0.0374538338668125,0.391099129930341,0.534900644587747,1.02645184291061,83.1841730466371,76,500,2240,231,146,117,1.02645184291061,83.1841730466371,"success"
"beta2_y",1.03248563709674,0.0651249247414147,0.905466715307836,1.1607223340806,1.00336742128647,1386.93578155277,76,500,2240,231,146,117,1.02645184291061,83.1841730466371,"success"
"sigma_b0",0.889456979744475,0.063440613028238,0.768280668072236,1.01681546515598,1.00066531197706,1855.77627557201,76,500,2240,231,146,117,1.02645184291061,83.1841730466371,"success"
"sigma_b1",0.595873351904115,0.0251838992496524,0.548659517737176,0.647349895196987,1.00104761711092,7826.25991616557,76,500,2240,231,146,117,1.02645184291061,83.1841730466371,"success"
"rho",0.342059312192005,0.0846595640756195,0.170646218512556,0.502354095938615,1.00188224031228,1707.250082903,76,500,2240,231,146,117,1.02645184291061,83.1841730466371,"success"
"sigma_y",1.00472187362655,0.0181726459504002,0.969899732470948,1.041399152231,1.000046664339,11876.2832315122,76,500,2240,231,146,117,1.02645184291061,83.1841730466371,"success"
"lambda012",0.0770258218851534,0.00620825267323285,0.065415508574986,0.0896439773075112,1.00005136962183,11862.7411732674,76,500,2240,231,146,117,1.02645184291061,83.1841730466371,"success"
"lambda013",0.0418763188156222,0.0048452690505248,0.0327832692948708,0.0518087118512614,1.00004501024418,11448.1905943893,76,500,2240,231,146,117,1.02645184291061,83.1841730466371,"success"
"lambda023",0.109770395035717,0.0133753492075818,0.0840841372734076,0.136619463978369,1.0004462994773,8064.95539825091,76,500,2240,231,146,117,1.02645184291061,83.1841730466371,"success"
"gamma12",-0.603477684234534,0.0783245630289357,-0.758526323734284,-0.451382319179242,1.000020039641,11033.6448008732,76,500,2240,231,146,117,1.02645184291061,83.1841730466371,"success"
"gamma13",0.703495178413795,0.113485888447939,0.484584561082839,0.928108192320536,1.00001136740324,9274.08704367303,76,500,2240,231,146,117,1.02645184291061,83.1841730466371,"success"
"gamma23",0.612918926621683,0.111464066629418,0.39592293830037,0.833493525692396,1.00000738065574,12147.260332882,76,500,2240,231,146,117,1.02645184291061,83.1841730466371,"success"
"alpha0_12",0.684964636634871,0.151120488964361,0.403373227687916,0.999226908334997,1.00099405139131,2921.45123929222,76,500,2240,231,146,117,1.02645184291061,83.1841730466371,"success"
"alpha0_13",0.996729740266334,0.214064366560703,0.59376208927882,1.43847017188072,1.00020187295557,2545.25309640109,76,500,2240,231,146,117,1.02645184291061,83.1841730466371,"success"
"alpha0_23",0.746724679182254,0.244748861876088,0.287691020591435,1.24904367839769,1.00041408662724,3005.6768494818,76,500,2240,231,146,117,1.02645184291061,83.1841730466371,"success"
"alpha1_12",-0.321578415915063,0.171822413623631,-0.669918600819192,0.00162102898082623,1.00026822845147,4113.52717886999,76,500,2240,231,146,117,1.02645184291061,83.1841730466371,"success"
"alpha1_13",0.0487258881277691,0.245696816056852,-0.449771143199365,0.51351590029737,1.00243858827024,2761.98115102961,76,500,2240,231,146,117,1.02645184291061,83.1841730466371,"success"
"alpha1_23",0.0126506187447098,0.248794744938253,-0.493432193046122,0.48358497365815,1.00131877588931,4409.77492507911,76,500,2240,231,146,117,1.02645184291061,83.1841730466371,"success"
"beta0_y",1.95637793944133,0.0677441761584836,1.82460326672734,2.09016887627929,1.00865442299515,2122.59514091767,77,500,2308,260,132,130,1.25065855220635,95.4774866932466,"success"
"beta1_y",0.500101642860387,0.0394846589850111,0.421758245676274,0.58183843489658,1.25065855220635,95.4774866932466,77,500,2308,260,132,130,1.25065855220635,95.4774866932466,"success"
"beta2_y",0.960874416732511,0.0638662488530191,0.835304003224762,1.08621419820103,1.00040242536711,1400.99466197102,77,500,2308,260,132,130,1.25065855220635,95.4774866932466,"success"
"sigma_b0",0.9377342963385,0.063766912943869,0.815697872383991,1.06497449836543,1.00417947270624,1866.65351942134,77,500,2308,260,132,130,1.25065855220635,95.4774866932466,"success"
"sigma_b1",0.586171071879036,0.0245096509894545,0.540521007375235,0.636234689093377,1.00647838341057,7189.51246480882,77,500,2308,260,132,130,1.25065855220635,95.4774866932466,"success"
"rho",0.449118295583163,0.078010347768298,0.291685754009368,0.596334641320605,1.00910290801527,1587.05707462302,77,500,2308,260,132,130,1.25065855220635,95.4774866932466,"success"
"sigma_y",0.983749274026447,0.0175269772076308,0.950161473305154,1.01876342959037,1.00045564902272,11568.4646633511,77,500,2308,260,132,130,1.25065855220635,95.4774866932466,"success"
"lambda012",0.0921414593756795,0.00661799816784266,0.0796956590671539,0.105671762496401,1.00517014964527,13309.4799050971,77,500,2308,260,132,130,1.25065855220635,95.4774866932466,"success"
"lambda013",0.0327318950633287,0.00435797168561819,0.0245711623002908,0.0416497130258615,1.01122030164799,8450.82744025753,77,500,2308,260,132,130,1.25065855220635,95.4774866932466,"success"
"lambda023",0.0963645762632795,0.00975689024662629,0.0779553554182797,0.116203251182401,1.0080789933358,12187.2505401762,77,500,2308,260,132,130,1.25065855220635,95.4774866932466,"success"
"gamma12",-0.600449641348083,0.0713337344549516,-0.739752366106691,-0.460759164445741,1.00001458521416,18098.7566412435,77,500,2308,260,132,130,1.25065855220635,95.4774866932466,"success"
"gamma13",0.823115183830496,0.110973115448778,0.607836434027757,1.04427775428233,1.00225852987304,9795.44973547026,77,500,2308,260,132,130,1.25065855220635,95.4774866932466,"success"
"gamma23",0.551887890725224,0.113243092772334,0.332967050900409,0.774971792824805,1.00005003145757,26141.2561732756,77,500,2308,260,132,130,1.25065855220635,95.4774866932466,"success"
"alpha0_12",0.489035414462561,0.125288369297697,0.252257988124866,0.745585360330161,1.00440114711577,3799.27212956585,77,500,2308,260,132,130,1.25065855220635,95.4774866932466,"success"
"alpha0_13",1.02326172649051,0.214153596597754,0.625339850173295,1.46807844752994,1.0030458235779,2360.45789574435,77,500,2308,260,132,130,1.25065855220635,95.4774866932466,"success"
"alpha0_23",0.467855359750868,0.205597694102513,0.0777430066858773,0.885250565036143,1.00094280085136,3240.96906641431,77,500,2308,260,132,130,1.25065855220635,95.4774866932466,"success"
"alpha1_12",-0.027928747528742,0.168498428355383,-0.368243893253253,0.29130585770397,1.00114351558972,4559.58885436431,77,500,2308,260,132,130,1.25065855220635,95.4774866932466,"success"
"alpha1_13",-0.317552104129211,0.333542395393938,-0.986652022568791,0.32806297140311,1.02659739669266,2090.67208423009,77,500,2308,260,132,130,1.25065855220635,95.4774866932466,"success"
"alpha1_23",0.264348823214797,0.259888457824422,-0.258072810647111,0.760192432478312,1.00264501926234,3712.74222861066,77,500,2308,260,132,130,1.25065855220635,95.4774866932466,"success"
"beta0_y",1.87076975268045,0.0678298335036801,1.74034346321017,2.00595053558208,1.00011653988744,2111.9034182902,78,500,2404,232,144,112,1.01030654928358,117.289586085679,"success"
"beta1_y",0.557189390705372,0.0318033289209837,0.496849370614958,0.61804150623922,1.01030654928358,117.289586085679,78,500,2404,232,144,112,1.01030654928358,117.289586085679,"success"
"beta2_y",0.933306470501983,0.0659516062962266,0.803649441003164,1.06020484587811,1.00085886566373,1307.9847619771,78,500,2404,232,144,112,1.01030654928358,117.289586085679,"success"
"sigma_b0",0.926950652640698,0.0624112768869792,0.807210880306243,1.05200928047182,1.00078299892605,2257.72023531388,78,500,2404,232,144,112,1.01030654928358,117.289586085679,"success"
"sigma_b1",0.596718247254463,0.0254458784087643,0.54922546600806,0.648848395095421,1.0003257791,6291.82404561153,78,500,2404,232,144,112,1.01030654928358,117.289586085679,"success"
"rho",0.340636636794852,0.0731667738054924,0.195523239732703,0.48058552642104,1.00044457101233,2830.90188057309,78,500,2404,232,144,112,1.01030654928358,117.289586085679,"success"
"sigma_y",0.985335098881085,0.017294991862399,0.952212550486657,1.01998208029368,1.00004276815509,10508.3926116257,78,500,2404,232,144,112,1.01030654928358,117.289586085679,"success"
"lambda012",0.0713674169970886,0.00534681910421484,0.0612079902773612,0.0822128268591672,0.999997671639251,13902.6832246434,78,500,2404,232,144,112,1.01030654928358,117.289586085679,"success"
"lambda013",0.0387206178696461,0.00422517705000122,0.0308101616582888,0.0473676440000227,1.00026162983565,12956.2932986233,78,500,2404,232,144,112,1.01030654928358,117.289586085679,"success"
"lambda023",0.0868858992368683,0.0100075482165198,0.0680307094037121,0.107199553000667,1.00008238125295,11457.4953640977,78,500,2404,232,144,112,1.01030654928358,117.289586085679,"success"
"gamma12",-0.446407360603026,0.0779259110061393,-0.599456377126698,-0.293578764216079,1.0000959143398,17868.9269798128,78,500,2404,232,144,112,1.01030654928358,117.289586085679,"success"
"gamma13",0.723741393835866,0.100312472417559,0.530393732646346,0.924472900500872,1.00022109031629,13332.452534453,78,500,2404,232,144,112,1.01030654928358,117.289586085679,"success"
"gamma23",0.511078796778514,0.121515440927876,0.2750368377784,0.752892915530241,1.00002127832404,21963.0091227297,78,500,2404,232,144,112,1.01030654928358,117.289586085679,"success"
"alpha0_12",0.400525320584621,0.123947844800402,0.160435603551373,0.648858830574648,1.00041488578316,4569.25380928565,78,500,2404,232,144,112,1.01030654928358,117.289586085679,"success"
"alpha0_13",0.633548196816194,0.194832631740766,0.267047231484603,1.03482635235241,1.00004768876678,2531.22679717964,78,500,2404,232,144,112,1.01030654928358,117.289586085679,"success"
"alpha0_23",0.494449059366435,0.188784195783048,0.137411679572653,0.881563270067116,1.00058590026407,3862.41866742447,78,500,2404,232,144,112,1.01030654928358,117.289586085679,"success"
"alpha1_12",0.250572956601882,0.143314710971345,-0.0348743689728603,0.52809259355846,1.00011126808266,6420.86505882581,78,500,2404,232,144,112,1.01030654928358,117.289586085679,"success"
"alpha1_13",0.406007045887269,0.266689601670529,-0.13030396596327,0.914538368206666,0.999991525939317,2614.66522977312,78,500,2404,232,144,112,1.01030654928358,117.289586085679,"success"
"alpha1_23",0.556428500696491,0.244761996095199,0.0728595518921295,1.03297502628025,1.00019315093274,4830.30093447292,78,500,2404,232,144,112,1.01030654928358,117.289586085679,"success"
"beta0_y",1.99864704775354,0.0763191996673333,1.85014960639422,2.14815816229792,1.00028596352471,1745.22888217846,79,500,2159,241,151,127,1.05452651103841,90.6644603531226,"success"
"beta1_y",0.594551926323705,0.043273777799995,0.514505097002175,0.682098110608352,1.05452651103841,90.6644603531226,79,500,2159,241,151,127,1.05452651103841,90.6644603531226,"success"
"beta2_y",1.02999979339279,0.0687475079040186,0.896844601071671,1.16571426773362,1.00025541412586,1246.69713569727,79,500,2159,241,151,127,1.05452651103841,90.6644603531226,"success"
"sigma_b0",1.04737922674121,0.0688382495045529,0.915732002954021,1.18621708301294,1.00276307009233,2300.30466848212,79,500,2159,241,151,127,1.05452651103841,90.6644603531226,"success"
"sigma_b1",0.614296093842969,0.0293587777307367,0.559692724615652,0.674512004043481,1.00715710324434,2950.18378319643,79,500,2159,241,151,127,1.05452651103841,90.6644603531226,"success"
"rho",0.279019673085729,0.0798579098412476,0.118626303758778,0.43175728643876,1.00532402573572,2738.77348325346,79,500,2159,241,151,127,1.05452651103841,90.6644603531226,"success"
"sigma_y",1.01988970233392,0.0188893463672023,0.983747661963862,1.05753673421896,1.00039996754617,14300.5580453835,79,500,2159,241,151,127,1.05452651103841,90.6644603531226,"success"
"lambda012",0.0935239810431061,0.00708206711554358,0.080164426455781,0.107944005196086,1.00224721830606,7473.69678524629,79,500,2159,241,151,127,1.05452651103841,90.6644603531226,"success"
"lambda013",0.0449030905320396,0.00525623360443863,0.0351285515569067,0.0556776394995946,1.00091632940346,9851.49275247286,79,500,2159,241,151,127,1.05452651103841,90.6644603531226,"success"
"lambda023",0.104943985850953,0.0121541335310877,0.0818525637763661,0.129536541958373,1.00232208574803,6101.50606544011,79,500,2159,241,151,127,1.05452651103841,90.6644603531226,"success"
"gamma12",-0.452753567273028,0.0737432219697359,-0.598451535234146,-0.308905544955451,1.00004159814418,8664.70004612521,79,500,2159,241,151,127,1.05452651103841,90.6644603531226,"success"
"gamma13",0.753899132901358,0.0982419269795905,0.563129618135223,0.949404828860415,1.00000184619809,9459.18621800734,79,500,2159,241,151,127,1.05452651103841,90.6644603531226,"success"
"gamma23",0.82347012820953,0.117605057793264,0.596681362927356,1.05738551899053,1.00005496675619,10026.5636618617,79,500,2159,241,151,127,1.05452651103841,90.6644603531226,"success"
"alpha0_12",0.484824143266793,0.112291913948867,0.273101880305585,0.714355680280736,1.0006052669408,4324.44614023934,79,500,2159,241,151,127,1.05452651103841,90.6644603531226,"success"
"alpha0_13",0.608271100502294,0.175179950219852,0.278448123214479,0.968012059227762,1.00136261670405,1907.42943613001,79,500,2159,241,151,127,1.05452651103841,90.6644603531226,"success"
"alpha0_23",0.795730033182873,0.1544444007431,0.514525670770679,1.11898785970704,1.00076124023093,4125.61923817382,79,500,2159,241,151,127,1.05452651103841,90.6644603531226,"success"
"alpha1_12",0.165059364997256,0.154457083840537,-0.142777913416714,0.462693399219386,1.00137910311418,6338.82137181198,79,500,2159,241,151,127,1.05452651103841,90.6644603531226,"success"
"alpha1_13",0.819987002197078,0.257387997187686,0.298058975045741,1.31127929784938,1.00561373881774,1500.58656873008,79,500,2159,241,151,127,1.05452651103841,90.6644603531226,"success"
"alpha1_23",0.140624648685799,0.209124228165658,-0.288833321730853,0.532387274004656,1.00048569177595,5177.1631170472,79,500,2159,241,151,127,1.05452651103841,90.6644603531226,"success"
"beta0_y",2.0584118245783,0.0689895914440465,1.92454608093085,2.19479767705127,1.00089683172343,2178.37506362324,80,500,2342,250,137,130,1.01515304983788,77.1399558883079,"success"
"beta1_y",0.56063568442164,0.0421625067636328,0.481406916882766,0.645228585077862,1.01515304983788,77.1399558883079,80,500,2342,250,137,130,1.01515304983788,77.1399558883079,"success"
"beta2_y",1.03790492480955,0.064474315863184,0.911240428878784,1.16356828240758,1.00329192005768,1379.06789549501,80,500,2342,250,137,130,1.01515304983788,77.1399558883079,"success"
"sigma_b0",0.917007169059742,0.0684784549850163,0.786093962380942,1.05404436935634,1.00159927992174,1557.52311041341,80,500,2342,250,137,130,1.01515304983788,77.1399558883079,"success"
"sigma_b1",0.629459700816243,0.0280340071407642,0.576939492085882,0.687014068405964,1.00070897658529,3786.23993823312,80,500,2342,250,137,130,1.01515304983788,77.1399558883079,"success"
"rho",0.36681103226514,0.0756593817496415,0.216615115090889,0.512017720129169,1.00103962560548,2517.16014829355,80,500,2342,250,137,130,1.01515304983788,77.1399558883079,"success"
"sigma_y",1.0153814097828,0.0179522341426327,0.980967055744072,1.05136902262923,1.00000853435869,12152.9382810849,80,500,2342,250,137,130,1.01515304983788,77.1399558883079,"success"
"lambda012",0.0863115587408476,0.00612393682806667,0.0747597101567161,0.098764589771003,1.00036781479718,14296.705910342,80,500,2342,250,137,130,1.01515304983788,77.1399558883079,"success"
"lambda013",0.0350126871624427,0.00464472032469984,0.026321088962126,0.0445777522420652,1.00008784388007,5838.64893202001,80,500,2342,250,137,130,1.01515304983788,77.1399558883079,"success"
"lambda023",0.101358634869663,0.010681552199557,0.081534410676212,0.123393359898623,1.00170137973538,8766.86544462379,80,500,2342,250,137,130,1.01515304983788,77.1399558883079,"success"
"gamma12",-0.439430958485746,0.0709037332124594,-0.578214386999368,-0.300027514705138,1.00005344388047,26412.8197055985,80,500,2342,250,137,130,1.01515304983788,77.1399558883079,"success"
"gamma13",0.801461304581945,0.113016044940123,0.582733198643518,1.02761250001673,1.00000005171765,7834.89448776646,80,500,2342,250,137,130,1.01515304983788,77.1399558883079,"success"
"gamma23",0.463642207391468,0.105401307099714,0.261108796014086,0.674611497868751,1.00001937086573,9608.2185807755,80,500,2342,250,137,130,1.01515304983788,77.1399558883079,"success"
"alpha0_12",0.335844433698111,0.121189668417097,0.105910874105995,0.582600493070507,1.00071630675652,4329.68191195928,80,500,2342,250,137,130,1.01515304983788,77.1399558883079,"success"
"alpha0_13",1.05255404598479,0.228547871681701,0.632564640416768,1.52809657381316,1.00115047631956,1955.61151234818,80,500,2342,250,137,130,1.01515304983788,77.1399558883079,"success"
"alpha0_23",0.744305735031555,0.217356011285813,0.344805135707953,1.19860681211585,1.00032696331045,3095.40247890845,80,500,2342,250,137,130,1.01515304983788,77.1399558883079,"success"
"alpha1_12",0.147254303798843,0.141238522750947,-0.137073904875805,0.415070313791223,1.00033515900757,6747.00471700294,80,500,2342,250,137,130,1.01515304983788,77.1399558883079,"success"
"alpha1_13",0.413085759060985,0.28536471439095,-0.177951743084529,0.937377454255722,1.00067871242009,1702.13919267113,80,500,2342,250,137,130,1.01515304983788,77.1399558883079,"success"
"alpha1_23",0.216944712101909,0.219401625795583,-0.233086364675757,0.630986288562184,1.00029503722498,4012.20209929373,80,500,2342,250,137,130,1.01515304983788,77.1399558883079,"success"
"beta0_y",1.9372810463451,0.0723146179991972,1.796734260907,2.08141500672047,1.0029802232466,2270.91560765214,81,500,2179,249,151,132,1.00863522920092,112.664252672711,"success"
"beta1_y",0.514669846696309,0.0374480384320728,0.44241710986722,0.589336526625869,1.00112951951502,112.664252672711,81,500,2179,249,151,132,1.00863522920092,112.664252672711,"success"
"beta2_y",0.950540702279482,0.0712973238650578,0.810627841952598,1.0921217448743,1.00048644519232,1468.94599929266,81,500,2179,249,151,132,1.00863522920092,112.664252672711,"success"
"sigma_b0",0.927857812949139,0.0696879642945943,0.794200938894224,1.06738110522265,1.00863522920092,1896.68894536229,81,500,2179,249,151,132,1.00863522920092,112.664252672711,"success"
"sigma_b1",0.627355679495588,0.0290858343706993,0.572837124432489,0.687190430323931,1.00072487784583,3651.81517303117,81,500,2179,249,151,132,1.00863522920092,112.664252672711,"success"
"rho",0.327969931586129,0.0821521027866028,0.163859718873461,0.484840006867099,1.00167738751204,2389.32062431038,81,500,2179,249,151,132,1.00863522920092,112.664252672711,"success"
"sigma_y",1.04862247479152,0.0195179352850157,1.01115259760899,1.08795122126866,1.00117256472684,11024.0801763968,81,500,2179,249,151,132,1.00863522920092,112.664252672711,"success"
"lambda012",0.0916716505232263,0.00643727921859493,0.0794652072464702,0.104714833023683,1.00001769833595,16771.9201566765,81,500,2179,249,151,132,1.00863522920092,112.664252672711,"success"
"lambda013",0.0443645343682627,0.00504793941212088,0.0349384879097318,0.0547135672734271,1.00000586667682,9846.81509053429,81,500,2179,249,151,132,1.00863522920092,112.664252672711,"success"
"lambda023",0.0963012689779557,0.00984402996357092,0.0777021162394605,0.116202476291604,1.00040831052736,9941.83219693203,81,500,2179,249,151,132,1.00863522920092,112.664252672711,"success"
"gamma12",-0.403538288263452,0.0706840733916977,-0.541886534877679,-0.264482697731974,1.00006550075088,23523.709880433,81,500,2179,249,151,132,1.00863522920092,112.664252672711,"success"
"gamma13",0.739430239023316,0.101949672670658,0.540963228406172,0.941135614422585,1.00028964016554,19496.7150427143,81,500,2179,249,151,132,1.00863522920092,112.664252672711,"success"
"gamma23",0.31716257191499,0.105034963946203,0.113610129687973,0.525514412174815,1.00000138551869,18129.4243746984,81,500,2179,249,151,132,1.00863522920092,112.664252672711,"success"
"alpha0_12",0.283211902286983,0.117695947988205,0.0571787193856645,0.520687648843506,1.00247324858128,4914.54840195304,81,500,2179,249,151,132,1.00863522920092,112.664252672711,"success"
"alpha0_13",0.345623687685013,0.200176203573844,-0.0408109147409,0.749499020072159,1.00046625929457,2185.10063901638,81,500,2179,249,151,132,1.00863522920092,112.664252672711,"success"
"alpha0_23",0.521491990308534,0.180184802167225,0.180448743239177,0.891299602047753,1.00258559470165,3995.53091476087,81,500,2179,249,151,132,1.00863522920092,112.664252672711,"success"
"alpha1_12",0.204278619571677,0.138855907701268,-0.0724106228545145,0.472119865155079,1.00052883735949,7869.84033953657,81,500,2179,249,151,132,1.00863522920092,112.664252672711,"success"
"alpha1_13",1.09275359628454,0.247034998061669,0.602346362508304,1.57133795019802,1.00018399149287,1986.40768600016,81,500,2179,249,151,132,1.00863522920092,112.664252672711,"success"
"alpha1_23",0.233974560241089,0.20808011380788,-0.184804783959568,0.632336897574174,1.00008029672977,6582.98205451301,81,500,2179,249,151,132,1.00863522920092,112.664252672711,"success"
"beta0_y",1.99650263480378,0.0717613019286897,1.85624309937568,2.13764228817816,1.00044197104333,2013.07047618403,82,500,2206,246,144,129,1.01860334526662,106.692661813673,"success"
"beta1_y",0.448257716586228,0.0341975595834855,0.385459236340106,0.514698754013932,1.01860334526662,106.692661813673,82,500,2206,246,144,129,1.01860334526662,106.692661813673,"success"
"beta2_y",0.941273814092048,0.066305836909701,0.809564211674722,1.0715317108754,1.00022017006627,1180.70510062568,82,500,2206,246,144,129,1.01860334526662,106.692661813673,"success"
"sigma_b0",1.01106511352496,0.0679104040397671,0.881016592875824,1.14696455374264,1.00181568439696,2063.07561968675,82,500,2206,246,144,129,1.01860334526662,106.692661813673,"success"
"sigma_b1",0.570279585712271,0.0239116362334259,0.525616865076533,0.619338540776966,1.0000648125058,9580.82306050995,82,500,2206,246,144,129,1.01860334526662,106.692661813673,"success"
"rho",0.220066025225032,0.0807071310275197,0.0616981118129654,0.378095912146012,1.00372222826937,2574.98309101965,82,500,2206,246,144,129,1.01860334526662,106.692661813673,"success"
"sigma_y",0.985734555671004,0.0182033721222339,0.950692775915316,1.02203264957894,1.00063770152585,11976.0373412625,82,500,2206,246,144,129,1.01860334526662,106.692661813673,"success"
"lambda012",0.0879976670339146,0.00632511978704622,0.0760630060887046,0.100838317180406,1.00081799359475,15407.7452966313,82,500,2206,246,144,129,1.01860334526662,106.692661813673,"success"
"lambda013",0.0413220513895775,0.00506505531139264,0.0317881694166669,0.0516549130798897,1.00178731815409,7914.50247072442,82,500,2206,246,144,129,1.01860334526662,106.692661813673,"success"
"lambda023",0.115236995574886,0.0128020974742501,0.0913593972224833,0.141669885189824,1.00013939679414,8728.81728262934,82,500,2206,246,144,129,1.01860334526662,106.692661813673,"success"
"gamma12",-0.470737850711323,0.0709547199415622,-0.60917264024115,-0.330910683998931,1.00003822823482,20706.7080844229,82,500,2206,246,144,129,1.01860334526662,106.692661813673,"success"
"gamma13",0.59429425139104,0.10919704714791,0.381925609020515,0.811106018453711,1.00042262307104,7783.32075181048,82,500,2206,246,144,129,1.01860334526662,106.692661813673,"success"
"gamma23",0.562026719342941,0.10734553301331,0.356111765675637,0.776402749584841,1.00018444740879,9633.42283036809,82,500,2206,246,144,129,1.01860334526662,106.692661813673,"success"
"alpha0_12",0.333062014043714,0.0970856271023005,0.145150119921191,0.526148202878611,1.00129503044508,6600.91587340523,82,500,2206,246,144,129,1.01860334526662,106.692661813673,"success"
"alpha0_13",0.972123487659226,0.17230724072015,0.649306437357271,1.32571052014021,1.00010526805028,2865.5808141046,82,500,2206,246,144,129,1.01860334526662,106.692661813673,"success"
"alpha0_23",0.827841018373511,0.181001711404481,0.49720506247289,1.2083813618031,1.00294237396614,3537.16232683511,82,500,2206,246,144,129,1.01860334526662,106.692661813673,"success"
"alpha1_12",0.175603369388542,0.138360952945914,-0.0959929060772377,0.446741249214246,1.00094095022103,10861.9595771456,82,500,2206,246,144,129,1.01860334526662,106.692661813673,"success"
"alpha1_13",0.0369010410356245,0.2631840709505,-0.490651017899824,0.539550626140643,1.00065187596619,2766.38033327655,82,500,2206,246,144,129,1.01860334526662,106.692661813673,"success"
"alpha1_23",-0.418932519438542,0.239187795572903,-0.897234899022603,0.042422819996362,1.00187315789726,5158.18100927668,82,500,2206,246,144,129,1.01860334526662,106.692661813673,"success"
"beta0_y",1.99960522692482,0.0682874288741981,1.86641234384868,2.13415821154383,1.00063592398382,2287.28910977319,83,500,2258,243,142,124,1.01691062416015,116.444871439842,"success"
"beta1_y",0.580236624741465,0.0348998169698894,0.51283924402865,0.650663749038454,1.01691062416015,116.444871439842,83,500,2258,243,142,124,1.01691062416015,116.444871439842,"success"
"beta2_y",0.902505584512339,0.0658532340862607,0.773970549402446,1.03395349689893,1.00012619118051,1334.9869139146,83,500,2258,243,142,124,1.01691062416015,116.444871439842,"success"
"sigma_b0",0.960429476731016,0.0652505684718221,0.836546941195194,1.09235903801803,1.00007548509261,1970.73020566191,83,500,2258,243,142,124,1.01691062416015,116.444871439842,"success"
"sigma_b1",0.610032515972448,0.0265359973386553,0.560608130633532,0.664692371661408,1.0001539217537,6197.0429510777,83,500,2258,243,142,124,1.01691062416015,116.444871439842,"success"
"rho",0.342333454919005,0.0744869757582829,0.193033761369209,0.484329727483622,1.0003430471448,2402.4141812385,83,500,2258,243,142,124,1.01691062416015,116.444871439842,"success"
"sigma_y",1.00336704476993,0.0181257068667034,0.968754303192896,1.03975982872298,1.00004434618649,12155.4288801462,83,500,2258,243,142,124,1.01691062416015,116.444871439842,"success"
"lambda012",0.083181317831674,0.00625853824490661,0.0714527966411817,0.0959953948503791,1.0001995468101,16094.0708350454,83,500,2258,243,142,124,1.01691062416015,116.444871439842,"success"
"lambda013",0.037021494655378,0.00484482401153671,0.0279622954643837,0.0469701548165405,1.00031752137674,6634.52082561691,83,500,2258,243,142,124,1.01691062416015,116.444871439842,"success"
"lambda023",0.104494407400678,0.0110409083384657,0.0838286019975542,0.127141165344358,1.00018711975885,14946.0619350621,83,500,2258,243,142,124,1.01691062416015,116.444871439842,"success"
"gamma12",-0.563522020114268,0.0780258275869565,-0.718303872689952,-0.411413857811246,1.00002193287028,17091.7621261783,83,500,2258,243,142,124,1.01691062416015,116.444871439842,"success"
"gamma13",0.773762207684211,0.115482222074975,0.553870670300529,1.0067298246011,1.00006760569937,5065.97239931075,83,500,2258,243,142,124,1.01691062416015,116.444871439842,"success"
"gamma23",0.550503179903067,0.120024141131189,0.316894130176343,0.791279319755652,1.00003030659231,16647.3111032465,83,500,2258,243,142,124,1.01691062416015,116.444871439842,"success"
"alpha0_12",0.43035946210629,0.11894448241807,0.204822070464637,0.671924765132644,1.00005719632976,4697.21322245938,83,500,2258,243,142,124,1.01691062416015,116.444871439842,"success"
"alpha0_13",1.0772262363224,0.192042281165464,0.713800608900831,1.47060954337145,1.0000327620451,2610.44873227825,83,500,2258,243,142,124,1.01691062416015,116.444871439842,"success"
"alpha0_23",0.501052891855783,0.196546156318629,0.134029652017792,0.905660889287542,1.00021264364848,3545.61834682775,83,500,2258,243,142,124,1.01691062416015,116.444871439842,"success"
"alpha1_12",0.051915893213909,0.141722796019112,-0.232321369561535,0.323043700689002,1.00003946336921,6984.88378617962,83,500,2258,243,142,124,1.01691062416015,116.444871439842,"success"
"alpha1_13",0.363529877726655,0.281657059467503,-0.199107243547792,0.901633153773698,1.00062009015963,2126.29713917298,83,500,2258,243,142,124,1.01691062416015,116.444871439842,"success"
"alpha1_23",0.339471324401205,0.224762943352587,-0.11437325710951,0.770706858749464,1.00042384131115,4789.47673624543,83,500,2258,243,142,124,1.01691062416015,116.444871439842,"success"
"beta0_y",1.96492246570584,0.0701372677581002,1.82876270284529,2.1039201914029,1.00057175216354,2031.12367725074,84,500,2301,249,149,129,1.01141059527115,110.403128059183,"success"
"beta1_y",0.496793612625248,0.0354089055713472,0.426690986672912,0.562915454464675,1.01141059527115,110.403128059183,84,500,2301,249,149,129,1.01141059527115,110.403128059183,"success"
"beta2_y",0.988924219645045,0.0672449749664158,0.853978046603505,1.11955839938096,1.003085052739,1160.33252709656,84,500,2301,249,149,129,1.01141059527115,110.403128059183,"success"
"sigma_b0",1.03640780973181,0.0633305374622989,0.915695913325413,1.16390201444485,1.00011831256314,3128.36551669847,84,500,2301,249,149,129,1.01141059527115,110.403128059183,"success"
"sigma_b1",0.602689527393145,0.0247210552731377,0.556139709730754,0.653206360137349,1.00000794260888,8045.79103971181,84,500,2301,249,149,129,1.01141059527115,110.403128059183,"success"
"rho",0.240953277063055,0.0730651424748851,0.0966080161106671,0.381042642197215,1.00014306130258,3887.59935986696,84,500,2301,249,149,129,1.01141059527115,110.403128059183,"success"
"sigma_y",0.989727655342653,0.0177920480589815,0.955550591751362,1.02505208022912,1.00028278825465,14230.3527246688,84,500,2301,249,149,129,1.01141059527115,110.403128059183,"success"
"lambda012",0.0853326032510468,0.00606492219234068,0.073874878878728,0.0976182126697373,0.999997959595034,12444.4325785283,84,500,2301,249,149,129,1.01141059527115,110.403128059183,"success"
"lambda013",0.0403971907271131,0.00439549557393352,0.0321228510900631,0.0493898746480698,1.00015919916532,12948.8734682467,84,500,2301,249,149,129,1.01141059527115,110.403128059183,"success"
"lambda023",0.0939209786076432,0.0107023404214778,0.0737699025020335,0.115660032201102,1.000084842925,8753.49504853784,84,500,2301,249,149,129,1.01141059527115,110.403128059183,"success"
"gamma12",-0.366072706314631,0.068956336717773,-0.501050865847315,-0.230499013253379,1.00011038310768,13029.8059167389,84,500,2301,249,149,129,1.01141059527115,110.403128059183,"success"
"gamma13",0.755986595808476,0.0946852295790902,0.572420621769163,0.944091892012085,1.00009693003739,12777.2688747337,84,500,2301,249,149,129,1.01141059527115,110.403128059183,"success"
"gamma23",0.552461807506041,0.113568304504873,0.333513897838987,0.780215352169234,1.00011524700302,10882.3672899473,84,500,2301,249,149,129,1.01141059527115,110.403128059183,"success"
"alpha0_12",0.423211040116373,0.0914259611410331,0.248448880822072,0.608832225975312,1.00000427172471,7329.6356552813,84,500,2301,249,149,129,1.01141059527115,110.403128059183,"success"
"alpha0_13",0.616708407959844,0.141315122329395,0.350153268475316,0.904144330275842,1.00072134974778,4160.16620793883,84,500,2301,249,149,129,1.01141059527115,110.403128059183,"success"
"alpha0_23",0.701797387862271,0.188712128738204,0.361687101154984,1.09889153348384,1.0003032898224,3001.87161556793,84,500,2301,249,149,129,1.01141059527115,110.403128059183,"success"
"alpha1_12",0.175795609125644,0.128345661840176,-0.0777882304363595,0.423921274006991,1.00013098882284,11324.7662051787,84,500,2301,249,149,129,1.01141059527115,110.403128059183,"success"
"alpha1_13",0.35669030102158,0.209685551543336,-0.0644980945787474,0.756772940763146,1.00059601718412,3300.82568381303,84,500,2301,249,149,129,1.01141059527115,110.403128059183,"success"
"alpha1_23",0.164101480333909,0.226911702857875,-0.297969248201506,0.594760239229245,1.00023692404174,5072.94027186882,84,500,2301,249,149,129,1.01141059527115,110.403128059183,"success"
"beta0_y",2.04162117940054,0.0686173362256713,1.90913762555046,2.17826606314982,1.00240349005631,1988.94350000349,85,500,2324,233,152,123,1.00400205788181,99.5893815685693,"success"
"beta1_y",0.471590783140595,0.0373664558010168,0.3944502769675,0.538839089444524,1.00373429650119,99.5893815685693,85,500,2324,233,152,123,1.00400205788181,99.5893815685693,"success"
"beta2_y",1.09460330832449,0.0633035176977381,0.971493840659279,1.22088001055005,1.00016299503269,1299.72458957306,85,500,2324,233,152,123,1.00400205788181,99.5893815685693,"success"
"sigma_b0",0.96387854531255,0.0668773129921638,0.834646730363219,1.09780298603844,1.00400205788181,1712.60904380642,85,500,2324,233,152,123,1.00400205788181,99.5893815685693,"success"
"sigma_b1",0.590071460996185,0.0244953646524353,0.544167437341528,0.640281001656907,1.00029363643739,8490.62055350309,85,500,2324,233,152,123,1.00400205788181,99.5893815685693,"success"
"rho",0.392553379867768,0.0768463558605763,0.240062139113202,0.539432846127528,1.0038611779172,2035.60157970751,85,500,2324,233,152,123,1.00400205788181,99.5893815685693,"success"
"sigma_y",1.00799888793989,0.0178846489802354,0.973634351820494,1.04370720968103,1.00010919345908,11312.7666087387,85,500,2324,233,152,123,1.00400205788181,99.5893815685693,"success"
"lambda012",0.0773102972513082,0.00578461486347441,0.0663348952369979,0.0890544687622367,1.0001350082013,8185.4910724837,85,500,2324,233,152,123,1.00400205788181,99.5893815685693,"success"
"lambda013",0.0373198678820861,0.00479815982319742,0.0283152502289267,0.0471654306502373,1.00016352248221,5369.88978876951,85,500,2324,233,152,123,1.00400205788181,99.5893815685693,"success"
"lambda023",0.104962822858614,0.0116475132571888,0.0833671519272135,0.129202331330901,1.00012681671178,10592.3986614354,85,500,2324,233,152,123,1.00400205788181,99.5893815685693,"success"
"gamma12",-0.437316331729909,0.070740881484998,-0.576010491577563,-0.298314470637622,1.00001394317448,27807.3921352404,85,500,2324,233,152,123,1.00400205788181,99.5893815685693,"success"
"gamma13",0.778838812501248,0.108766136063355,0.571547284095084,0.999210648742263,1.00001213553283,5753.6969430104,85,500,2324,233,152,123,1.00400205788181,99.5893815685693,"success"
"gamma23",0.514755457805931,0.113345291278322,0.298473073396723,0.743644551061854,1.00056190036173,9756.6617481446,85,500,2324,233,152,123,1.00400205788181,99.5893815685693,"success"
"alpha0_12",0.250577022848469,0.110355505450113,0.0372372326059712,0.471653891477251,1.00033002347839,5666.79691346757,85,500,2324,233,152,123,1.00400205788181,99.5893815685693,"success"
"alpha0_13",1.02904896239631,0.212602493697667,0.63012468605827,1.46918935499579,1.00047763228345,1782.53183210951,85,500,2324,233,152,123,1.00400205788181,99.5893815685693,"success"
"alpha0_23",0.724962216403556,0.190081082305334,0.375328603045981,1.12694566126739,1.00003079976457,3661.66683361112,85,500,2324,233,152,123,1.00400205788181,99.5893815685693,"success"
"alpha1_12",0.482728792933583,0.153893913591037,0.176425129718832,0.782709125148158,1.0001136557061,7579.29861856366,85,500,2324,233,152,123,1.00400205788181,99.5893815685693,"success"
"alpha1_13",-0.173123451438527,0.314548360149623,-0.801122027967757,0.426776778177159,1.00060475512314,1553.97003757078,85,500,2324,233,152,123,1.00400205788181,99.5893815685693,"success"
"alpha1_23",0.0585358350165524,0.226226873593925,-0.407153504086903,0.48200880817559,1.00005272585304,4896.61272662273,85,500,2324,233,152,123,1.00400205788181,99.5893815685693,"success"
"beta0_y",2.00953159848379,0.0710559131121153,1.87134167783192,2.15050496238526,1.00236460779089,2135.06876774806,86,500,2173,241,154,129,1.0084010619798,93.7952856003187,"success"
"beta1_y",0.572436638235495,0.0396540361027588,0.50123161447415,0.653457561805446,1.0084010619798,93.7952856003187,86,500,2173,241,154,129,1.0084010619798,93.7952856003187,"success"
"beta2_y",0.945776569063761,0.0670968064594775,0.813638412351093,1.07768665446106,1.00061014694909,1288.45546152423,86,500,2173,241,154,129,1.0084010619798,93.7952856003187,"success"
"sigma_b0",1.01680925841286,0.0684205514021241,0.886787491555702,1.15435985366612,1.00011039352749,2105.16502041098,86,500,2173,241,154,129,1.0084010619798,93.7952856003187,"success"
"sigma_b1",0.621334428694559,0.0270177568061548,0.57091426886485,0.676901588379832,1.00005450632315,5954.29503918971,86,500,2173,241,154,129,1.0084010619798,93.7952856003187,"success"
"rho",0.310443430752077,0.0769799455526472,0.157446584737791,0.457693724232465,1.00010774235938,2801.48596346311,86,500,2173,241,154,129,1.0084010619798,93.7952856003187,"success"
"sigma_y",0.988576154696747,0.0182014789762838,0.953552919762072,1.02495130731735,1.00040615448908,14374.0714474453,86,500,2173,241,154,129,1.0084010619798,93.7952856003187,"success"
"lambda012",0.0854121686593264,0.00628735574913659,0.0735303897727351,0.098187699681348,1.00076663095101,9230.12344709342,86,500,2173,241,154,129,1.0084010619798,93.7952856003187,"success"
"lambda013",0.0449624400089072,0.0048653704218252,0.0358900762728556,0.0549072251418183,1.00056521186373,8501.50869480375,86,500,2173,241,154,129,1.0084010619798,93.7952856003187,"success"
"lambda023",0.119052976537296,0.0127014722204013,0.0952407265204304,0.145042711374831,1.00014170757029,10737.0098800754,86,500,2173,241,154,129,1.0084010619798,93.7952856003187,"success"
"gamma12",-0.441108974381783,0.0724367802954771,-0.582867241222941,-0.297833923150115,1.0000467068346,20048.7146805207,86,500,2173,241,154,129,1.0084010619798,93.7952856003187,"success"
"gamma13",0.78633311005521,0.0943474748408539,0.602735574258279,0.972266503087185,1.00007774799232,10598.3999201031,86,500,2173,241,154,129,1.0084010619798,93.7952856003187,"success"
"gamma23",0.570273483233135,0.106002153904541,0.366386970912612,0.781262781190801,1.00009670264986,12441.0405283116,86,500,2173,241,154,129,1.0084010619798,93.7952856003187,"success"
"alpha0_12",0.332438067689585,0.113279032345393,0.113629245728495,0.558555768471264,1.0002068110699,4698.90011301591,86,500,2173,241,154,129,1.0084010619798,93.7952856003187,"success"
"alpha0_13",0.634297511407039,0.144858169676674,0.360446231386657,0.928877526422506,1.00045185713078,3883.83937450627,86,500,2173,241,154,129,1.0084010619798,93.7952856003187,"success"
"alpha0_23",0.682850709820625,0.163348216493183,0.375575025423876,1.01543412168605,1.00002391803282,3985.4532320012,86,500,2173,241,154,129,1.0084010619798,93.7952856003187,"success"
"alpha1_12",0.334583429091929,0.143163861433354,0.0503508385660558,0.612347242833132,1.00041719127692,6766.02163463194,86,500,2173,241,154,129,1.0084010619798,93.7952856003187,"success"
"alpha1_13",0.34762177499929,0.217042823415609,-0.0867180173831139,0.764143422101512,1.001131540048,3488.73289350071,86,500,2173,241,154,129,1.0084010619798,93.7952856003187,"success"
"alpha1_23",-0.0576035920775395,0.205470385062001,-0.471146062376941,0.332276260792058,1.00032862231163,5447.68131505486,86,500,2173,241,154,129,1.0084010619798,93.7952856003187,"success"
"beta0_y",1.92588461458198,0.0764068804258653,1.77750332942892,2.07724402383931,1.00013759576522,1700.34682427236,87,500,2266,218,158,121,1.00370108308979,136.18515717009,"success"
"beta1_y",0.560106461704645,0.031943109683082,0.492851483829471,0.62236559608634,1.00370108308979,136.18515717009,87,500,2266,218,158,121,1.00370108308979,136.18515717009,"success"
"beta2_y",0.862408405664085,0.0686556414535135,0.728062195878715,0.999760335440705,1.00032459063845,1079.95730644131,87,500,2266,218,158,121,1.00370108308979,136.18515717009,"success"
"sigma_b0",1.16030029213822,0.066737789169733,1.03289075685898,1.29461440016729,0.999997658257695,3392.50726938034,87,500,2266,218,158,121,1.00370108308979,136.18515717009,"success"
"sigma_b1",0.571175605309591,0.0242377143408324,0.526005214787542,0.620852404240931,1.00035154406643,8031.75915586144,87,500,2266,218,158,121,1.00370108308979,136.18515717009,"success"
"rho",0.329549329544056,0.069447079363928,0.189539610284977,0.460517614752027,1.00098117467451,3823.78099052492,87,500,2266,218,158,121,1.00370108308979,136.18515717009,"success"
"sigma_y",0.974674505723574,0.017633115341466,0.940914845875624,1.00989251403133,1.00011047669369,14434.4626329291,87,500,2266,218,158,121,1.00370108308979,136.18515717009,"success"
"lambda012",0.0711653462603154,0.00575492277308769,0.0603675774562982,0.0829133025526289,0.999995553229569,9683.44255132215,87,500,2266,218,158,121,1.00370108308979,136.18515717009,"success"
"lambda013",0.0417870982022326,0.00475103003455471,0.0328738112568464,0.0515113090913829,1.00024299188221,7616.63157990627,87,500,2266,218,158,121,1.00370108308979,136.18515717009,"success"
"lambda023",0.100955733754397,0.0113011175604635,0.0797663095773044,0.124158491183242,1.00000909402127,13099.712877798,87,500,2266,218,158,121,1.00370108308979,136.18515717009,"success"
"gamma12",-0.521556103449584,0.0760650422918188,-0.671141347174089,-0.372926135034997,1.00007032493391,13735.5552103427,87,500,2266,218,158,121,1.00370108308979,136.18515717009,"success"
"gamma13",0.824621558255696,0.0961390759812044,0.637694772859537,1.01504581400424,1.00045907978779,9057.58801875255,87,500,2266,218,158,121,1.00370108308979,136.18515717009,"success"
"gamma23",0.407470978830382,0.112528386021153,0.189492587735061,0.629257432897493,1.00007963337824,16630.0423303626,87,500,2266,218,158,121,1.00370108308979,136.18515717009,"success"
"alpha0_12",0.397691200700694,0.0946198907743876,0.216295676271275,0.587427105812705,0.999992399832567,6071.29224511931,87,500,2266,218,158,121,1.00370108308979,136.18515717009,"success"
"alpha0_13",0.619630921167283,0.11816217107852,0.394127313887362,0.860422710178464,1.00035327550486,5205.62318779331,87,500,2266,218,158,121,1.00370108308979,136.18515717009,"success"
"alpha0_23",0.463988499199484,0.140130400362117,0.202921414892439,0.751746261687179,1.00025921079685,5136.20076435733,87,500,2266,218,158,121,1.00370108308979,136.18515717009,"success"
"alpha1_12",0.272287739898345,0.163029952994653,-0.051957231186801,0.587851345212536,1.00000240548183,7931.59604202762,87,500,2266,218,158,121,1.00370108308979,136.18515717009,"success"
"alpha1_13",0.57056190882723,0.216879899983545,0.140379396774348,0.993346464101777,1.00109689672438,3751.35813607044,87,500,2266,218,158,121,1.00370108308979,136.18515717009,"success"
"alpha1_23",0.189617638402285,0.228479415214369,-0.271374290958543,0.626602877264815,1.00056111831016,5876.93714444388,87,500,2266,218,158,121,1.00370108308979,136.18515717009,"success"
"beta0_y",2.03933720578477,0.0698998112115701,1.90165195443317,2.17689407657232,1.00083597707359,2141.82179401658,88,500,2263,254,138,134,1.07357246367543,82.2113202513268,"success"
"beta1_y",0.558800649086624,0.0404749998208329,0.485486754697334,0.657489011517417,1.07357246367543,82.2113202513268,88,500,2263,254,138,134,1.07357246367543,82.2113202513268,"success"
"beta2_y",1.06221749465699,0.0727239730585997,0.92032876649168,1.20643039621202,1.00385238021664,1260.97639724367,88,500,2263,254,138,134,1.07357246367543,82.2113202513268,"success"
"sigma_b0",0.94280558695116,0.0662992130867033,0.814356698243121,1.07404336161677,1.00282316187218,1914.04732267614,88,500,2263,254,138,134,1.07357246367543,82.2113202513268,"success"
"sigma_b1",0.602559079240496,0.0256222191656,0.554776730095916,0.655128750853449,1.00523310324593,6364.210147485,88,500,2263,254,138,134,1.07357246367543,82.2113202513268,"success"
"rho",0.343997749333493,0.077938318290625,0.18854135306412,0.491599335288917,1.00187129311104,2194.42768914242,88,500,2263,254,138,134,1.07357246367543,82.2113202513268,"success"
"sigma_y",1.01028739718536,0.0181090576378556,0.975437814343891,1.0464520495588,1.00015257089365,13768.8424350971,88,500,2263,254,138,134,1.07357246367543,82.2113202513268,"success"
"lambda012",0.0879524829352758,0.00650575507525424,0.0756535732972287,0.101190967979532,1.00162294673808,7950.16280945944,88,500,2263,254,138,134,1.07357246367543,82.2113202513268,"success"
"lambda013",0.0400404391532521,0.00484200996023681,0.0309708572245536,0.0498717795404696,1.00112505338684,7283.22669669552,88,500,2263,254,138,134,1.07357246367543,82.2113202513268,"success"
"lambda023",0.100440437831795,0.0114433775758643,0.0792192393205556,0.124152309028453,1.00035187158126,7043.63849619422,88,500,2263,254,138,134,1.07357246367543,82.2113202513268,"success"
"gamma12",-0.523293768612784,0.0774431913196271,-0.675775970482319,-0.371545055672981,1.00050287178769,19382.7084974771,88,500,2263,254,138,134,1.07357246367543,82.2113202513268,"success"
"gamma13",0.754873655771713,0.113207469097545,0.539882456899881,0.983381300461316,1.00028600365958,7693.57134729021,88,500,2263,254,138,134,1.07357246367543,82.2113202513268,"success"
"gamma23",0.601875392403834,0.128494715680195,0.354768220325119,0.859533836050288,1.00082412094284,10116.4066947599,88,500,2263,254,138,134,1.07357246367543,82.2113202513268,"success"
"alpha0_12",0.425016796126877,0.108709717877745,0.22086727249113,0.647680901792439,1.00190386365941,5737.35538350692,88,500,2263,254,138,134,1.07357246367543,82.2113202513268,"success"
"alpha0_13",0.869380440768023,0.219330065880692,0.450036714719813,1.31384337078317,1.00054633171585,2271.06378446376,88,500,2263,254,138,134,1.07357246367543,82.2113202513268,"success"
"alpha0_23",0.905663815225989,0.198473702965123,0.540574873542449,1.32025722148589,1.00007830813419,3616.46541009307,88,500,2263,254,138,134,1.07357246367543,82.2113202513268,"success"
"alpha1_12",0.302014744996421,0.140300938358403,0.0216246096068398,0.570873538446221,1.00031813882963,8505.29151974492,88,500,2263,254,138,134,1.07357246367543,82.2113202513268,"success"
"alpha1_13",-0.0979907319042165,0.2695483868684,-0.634626818450047,0.424861249136121,1.00666641887347,2238.14775099,88,500,2263,254,138,134,1.07357246367543,82.2113202513268,"success"
"alpha1_23",0.133173596183677,0.227121837752057,-0.325468201493235,0.563185284689001,1.00227350912608,4789.05227182236,88,500,2263,254,138,134,1.07357246367543,82.2113202513268,"success"
"beta0_y",2.00415332770257,0.0713609742597712,1.86648103227672,2.14335591816489,1.00213227329147,2210.52190940408,89,500,2250,233,152,125,1.04905977645798,100.600872261467,"success"
"beta1_y",0.499760856564942,0.0388000665957856,0.426964982324085,0.581834439126553,1.04905977645798,100.600872261467,89,500,2250,233,152,125,1.04905977645798,100.600872261467,"success"
"beta2_y",1.01313921215173,0.0648966335825456,0.886880315559723,1.141595194055,1.00147747207006,1394.61730940804,89,500,2250,233,152,125,1.04905977645798,100.600872261467,"success"
"sigma_b0",0.970949283500716,0.0688818504029484,0.837203756984643,1.10789905119599,1.00369416382073,1900.64083498639,89,500,2250,233,152,125,1.04905977645798,100.600872261467,"success"
"sigma_b1",0.631873693424797,0.0268795077093149,0.581559087266937,0.686974167268,1.00139054374422,7521.01854532447,89,500,2250,233,152,125,1.04905977645798,100.600872261467,"success"
"rho",0.308288048979879,0.0801517825561686,0.148320821072749,0.462635030060631,1.00422285192072,2467.65922888743,89,500,2250,233,152,125,1.04905977645798,100.600872261467,"success"
"sigma_y",1.04255275937979,0.0191271633983097,1.00575661245464,1.08068100534874,1.00046864507554,12061.8302665425,89,500,2250,233,152,125,1.04905977645798,100.600872261467,"success"
"lambda012",0.0757582613259725,0.00590771804663856,0.0645744434855658,0.087740935812509,1.00007048674989,14617.6514207571,89,500,2250,233,152,125,1.04905977645798,100.600872261467,"success"
"lambda013",0.0428193589398942,0.00457844342540788,0.0342412753496576,0.0521722087217523,1.00023362160681,12547.2671366523,89,500,2250,233,152,125,1.04905977645798,100.600872261467,"success"
"lambda023",0.103900336023942,0.0122739588008011,0.0806389582165304,0.128793092724228,1.0007213378091,7541.259956581,89,500,2250,233,152,125,1.04905977645798,100.600872261467,"success"
"gamma12",-0.514079749645261,0.0716154304359204,-0.655807178828294,-0.374713385646518,1.00003274570163,13468.9010465426,89,500,2250,233,152,125,1.04905977645798,100.600872261467,"success"
"gamma13",0.699699128168971,0.0867398970901139,0.531350892376433,0.872011691172502,1.00009504532095,11038.1568009598,89,500,2250,233,152,125,1.04905977645798,100.600872261467,"success"
"gamma23",0.445951682968653,0.112821825520248,0.226983660105257,0.66808584775352,1.0002800751187,19359.1665103265,89,500,2250,233,152,125,1.04905977645798,100.600872261467,"success"
"alpha0_12",0.502066568029134,0.123361391135058,0.273679194449429,0.757443950165828,1.00100276884332,4007.54233983173,89,500,2250,233,152,125,1.04905977645798,100.600872261467,"success"
"alpha0_13",0.61817942702835,0.176536264774665,0.283603206164471,0.977695120818001,1.00204089565764,2927.48352432626,89,500,2250,233,152,125,1.04905977645798,100.600872261467,"success"
"alpha0_23",0.551130442640229,0.189552218782496,0.192061126501748,0.941347262679099,1.00058747784676,3590.23245974762,89,500,2250,233,152,125,1.04905977645798,100.600872261467,"success"
"alpha1_12",-0.0668743587045039,0.148140773942048,-0.366693423977005,0.215843896425281,1.00008214286922,6104.12247412905,89,500,2250,233,152,125,1.04905977645798,100.600872261467,"success"
"alpha1_13",0.302861546246918,0.226552627762808,-0.15908522544525,0.730474070279449,1.00562826535835,2697.43565626131,89,500,2250,233,152,125,1.04905977645798,100.600872261467,"success"
"alpha1_23",0.425020081721337,0.181400609410099,0.0515607878507219,0.764478998970097,1.00154070840198,5802.13615198808,89,500,2250,233,152,125,1.04905977645798,100.600872261467,"success"
"beta0_y",1.9625596561152,0.0668086102728614,1.83433797466279,2.09620469934068,1.00198369511028,2229.48447595913,90,500,2299,238,141,131,1.04058407234222,92.488020947982,"success"
"beta1_y",0.501601043304032,0.0383524776239665,0.425998614611586,0.575795187384223,1.04058407234222,92.488020947982,90,500,2299,238,141,131,1.04058407234222,92.488020947982,"success"
"beta2_y",1.03052848733717,0.0674804221104223,0.898483544810276,1.16392331320702,1.0015604842687,1384.90773973267,90,500,2299,238,141,131,1.04058407234222,92.488020947982,"success"
"sigma_b0",0.917397728506771,0.0643235809970927,0.796206632112093,1.04843768739247,1.00257000297768,1937.16234604701,90,500,2299,238,141,131,1.04058407234222,92.488020947982,"success"
"sigma_b1",0.670729099080833,0.027813146330318,0.618721114616837,0.727753727427721,1.00260126145353,7822.53422613214,90,500,2299,238,141,131,1.04058407234222,92.488020947982,"success"
"rho",0.348038906867298,0.076480045980854,0.196598627216989,0.494649373154927,1.00270843725426,2492.28871278301,90,500,2299,238,141,131,1.04058407234222,92.488020947982,"success"
"sigma_y",0.998462413776108,0.0177908823690245,0.964640744784183,1.03422379694189,1.00011988649382,12791.1499033765,90,500,2299,238,141,131,1.04058407234222,92.488020947982,"success"
"lambda012",0.082823170049486,0.00610483533499704,0.0713075305172802,0.0952380060098502,0.9999938194477,15636.6385655544,90,500,2299,238,141,131,1.04058407234222,92.488020947982,"success"
"lambda013",0.0362100468629405,0.00441468942947289,0.0280121537261348,0.0453007727930476,1.00002474688577,10638.086637651,90,500,2299,238,141,131,1.04058407234222,92.488020947982,"success"
"lambda023",0.103473672826629,0.0116696405490667,0.0816321832154221,0.127364558708868,1.00012350207353,9135.22974201296,90,500,2299,238,141,131,1.04058407234222,92.488020947982,"success"
"gamma12",-0.486959130391266,0.0781366272407285,-0.639634249216334,-0.333436312531875,1.00009709700496,16794.5146762726,90,500,2299,238,141,131,1.04058407234222,92.488020947982,"success"
"gamma13",0.837786278811105,0.103043231534911,0.638579308073061,1.04124912613879,1.00009087032064,9223.63661904051,90,500,2299,238,141,131,1.04058407234222,92.488020947982,"success"
"gamma23",0.484938761883298,0.116483057752065,0.259576306458413,0.717033131701022,1.00004672335245,11426.8421859495,90,500,2299,238,141,131,1.04058407234222,92.488020947982,"success"
"alpha0_12",0.503089714736428,0.128388589906153,0.260582660483415,0.764961988661876,1.00022154420073,4103.92490018938,90,500,2299,238,141,131,1.04058407234222,92.488020947982,"success"
"alpha0_13",0.824616424435479,0.19659775799462,0.444195436692454,1.22170128874006,1.00079355623037,2586.42852546539,90,500,2299,238,141,131,1.04058407234222,92.488020947982,"success"
"alpha0_23",0.80485021455207,0.192432164437904,0.452160507010449,1.20984167893398,1.00053151077818,3692.84961660279,90,500,2299,238,141,131,1.04058407234222,92.488020947982,"success"
"alpha1_12",-0.00329086655699327,0.132933506550602,-0.271999635194174,0.250041584885662,1.00000242076806,6169.04421353795,90,500,2299,238,141,131,1.04058407234222,92.488020947982,"success"
"alpha1_13",0.425976017321914,0.252640400121055,-0.0811314622380918,0.911202940951644,1.00364850611952,2048.67808778985,90,500,2299,238,141,131,1.04058407234222,92.488020947982,"success"
"alpha1_23",0.0743516634830503,0.197889670904204,-0.328008311471315,0.450556581017193,1.00001444665868,5806.41511649004,90,500,2299,238,141,131,1.04058407234222,92.488020947982,"success"
"beta0_y",1.92130907334834,0.0737425045297115,1.77807494495838,2.06894452130823,1.00010578092652,1644.86180223602,91,500,2289,238,136,113,1.00405081898136,82.4842638436037,"success"
"beta1_y",0.510052821851039,0.0369687272499413,0.434543429308297,0.579832578699939,1.00360530443038,82.4842638436037,91,500,2289,238,136,113,1.00405081898136,82.4842638436037,"success"
"beta2_y",0.935685521776023,0.0735800279122961,0.788643739142851,1.07715004215146,1.00149583940672,1189.46447304999,91,500,2289,238,136,113,1.00405081898136,82.4842638436037,"success"
"sigma_b0",0.924251666421884,0.0669906425075791,0.795097360485308,1.05822842203143,1.00014495187178,1710.99775608397,91,500,2289,238,136,113,1.00405081898136,82.4842638436037,"success"
"sigma_b1",0.612327333791177,0.0276334076737428,0.560956145331959,0.669125988812529,1.00000684346757,3477.3003510891,91,500,2289,238,136,113,1.00405081898136,82.4842638436037,"success"
"rho",0.406916609144528,0.0773708112619284,0.252934780168355,0.556906574772635,1.00058898286515,2177.84607577081,91,500,2289,238,136,113,1.00405081898136,82.4842638436037,"success"
"sigma_y",1.00697037368496,0.0182568853971394,0.972109914286816,1.04346897630357,1.00022390682086,9713.18802749812,91,500,2289,238,136,113,1.00405081898136,82.4842638436037,"success"
"lambda012",0.0805437534900461,0.00613501560017513,0.0689597980161365,0.0929567225840359,1.00004246523244,11969.9915385287,91,500,2289,238,136,113,1.00405081898136,82.4842638436037,"success"
"lambda013",0.0380112500026193,0.00462533447253539,0.0293803773990095,0.0474490790019218,1.00021475694989,10095.7808350438,91,500,2289,238,136,113,1.00405081898136,82.4842638436037,"success"
"lambda023",0.0914010641875581,0.0108523100021622,0.0708552832700734,0.113453218953963,1.00021737090593,6354.88268242188,91,500,2289,238,136,113,1.00405081898136,82.4842638436037,"success"
"gamma12",-0.519257918055141,0.0798284102290791,-0.676760944684707,-0.364102050577549,1.0005060993441,12126.1523872133,91,500,2289,238,136,113,1.00405081898136,82.4842638436037,"success"
"gamma13",0.747679295624049,0.111939934333438,0.531664555666546,0.970152201769924,1.00003377341222,12502.8833349574,91,500,2289,238,136,113,1.00405081898136,82.4842638436037,"success"
"gamma23",0.708210242915086,0.124094967608168,0.464873128134042,0.954116170545224,1.00043735825946,14169.1466227708,91,500,2289,238,136,113,1.00405081898136,82.4842638436037,"success"
"alpha0_12",0.475725134938764,0.146201040092972,0.200952639210895,0.775926703767115,1.00022572773803,2947.70280201631,91,500,2289,238,136,113,1.00405081898136,82.4842638436037,"success"
"alpha0_13",0.629577402876079,0.250627682932358,0.142616323897462,1.11717192244747,1.00405081898136,1473.32129520294,91,500,2289,238,136,113,1.00405081898136,82.4842638436037,"success"
"alpha0_23",0.618977728187822,0.211670369795687,0.220483532469942,1.05606095235995,1.00183095472614,3130.43486611318,91,500,2289,238,136,113,1.00405081898136,82.4842638436037,"success"
"alpha1_12",0.0205586042078198,0.166141216627223,-0.31906327434445,0.334493896120742,1.00022921242294,4021.68137485246,91,500,2289,238,136,113,1.00405081898136,82.4842638436037,"success"
"alpha1_13",0.802917035293489,0.314891811010073,0.180000959083033,1.4096453210084,1.00279639620573,1370.51848771777,91,500,2289,238,136,113,1.00405081898136,82.4842638436037,"success"
"alpha1_23",0.420217769697001,0.242354761033804,-0.0705382327971018,0.88027738899918,1.00059538779541,4631.11833831609,91,500,2289,238,136,113,1.00405081898136,82.4842638436037,"success"
"beta0_y",2.01972414982325,0.072009031248166,1.88091571595623,2.16297968925328,1.00017051924307,2095.0340954787,92,500,2211,222,150,122,1.00960233350405,65.7172503294327,"success"
"beta1_y",0.476815134860002,0.0452756492230934,0.384838347205508,0.556659965192227,1.00960233350405,65.7172503294327,92,500,2211,222,150,122,1.00960233350405,65.7172503294327,"success"
"beta2_y",0.954781317651752,0.0684867919282065,0.819343455222116,1.08879395152361,1.0005356811195,1121.23617754371,92,500,2211,222,150,122,1.00960233350405,65.7172503294327,"success"
"sigma_b0",1.01009652215618,0.0696878274053852,0.876986052914171,1.1493856372534,1.00225954121133,2047.16138265763,92,500,2211,222,150,122,1.00960233350405,65.7172503294327,"success"
"sigma_b1",0.621563763616095,0.0263106778662057,0.572104523479538,0.675081397775637,1.00159835423646,8488.4219909149,92,500,2211,222,150,122,1.00960233350405,65.7172503294327,"success"
"rho",0.241183950665804,0.0777725128584473,0.0863952378895976,0.390496972677897,1.000208031455,2704.7752855219,92,500,2211,222,150,122,1.00960233350405,65.7172503294327,"success"
"sigma_y",1.00233615625845,0.0183298711620431,0.967177906865701,1.03898166164095,0.999998591202589,14189.0559878077,92,500,2211,222,150,122,1.00960233350405,65.7172503294327,"success"
"lambda012",0.0740229048899662,0.00574623128903325,0.0631679684987409,0.0855635688950979,1.00026274199644,11573.8140503293,92,500,2211,222,150,122,1.00960233350405,65.7172503294327,"success"
"lambda013",0.0413377728883122,0.00465591539447829,0.0325954286730545,0.0508650689621997,1.00057549082172,8695.25207737508,92,500,2211,222,150,122,1.00960233350405,65.7172503294327,"success"
"lambda023",0.0995037549759597,0.012084138812181,0.0768141012503652,0.124235440659723,1.00004579622009,8735.42975893187,92,500,2211,222,150,122,1.00960233350405,65.7172503294327,"success"
"gamma12",-0.496349524635796,0.0720764021910024,-0.637970884995102,-0.354845894015172,1.00000289267808,13974.5344096534,92,500,2211,222,150,122,1.00960233350405,65.7172503294327,"success"
"gamma13",0.661598115083211,0.0945973122086615,0.481012949424054,0.851130244138461,1.00015473369603,7649.04079392683,92,500,2211,222,150,122,1.00960233350405,65.7172503294327,"success"
"gamma23",0.396725709185844,0.111062942483517,0.179779356793027,0.614277587589423,1.00024703947425,7312.1552812513,92,500,2211,222,150,122,1.00960233350405,65.7172503294327,"success"
"alpha0_12",0.433288332844767,0.108374438692461,0.226384050708711,0.652134046293235,1.00044921000379,4922.06533826481,92,500,2211,222,150,122,1.00960233350405,65.7172503294327,"success"
"alpha0_13",0.696987000871313,0.179562723061865,0.353608889757762,1.05842562697461,1.00000064087394,1999.44343829673,92,500,2211,222,150,122,1.00960233350405,65.7172503294327,"success"
"alpha0_23",0.771492028640727,0.168627954866585,0.455556747423019,1.11537672060585,1.00042061072409,5201.72870653077,92,500,2211,222,150,122,1.00960233350405,65.7172503294327,"success"
"alpha1_12",0.170076741451508,0.139013125524614,-0.104531745071418,0.440288688068154,1.00023952283547,10541.4753634317,92,500,2211,222,150,122,1.00960233350405,65.7172503294327,"success"
"alpha1_13",0.262219617159211,0.27223327428215,-0.277353721461393,0.793674196960343,1.00153022848264,1265.08541732191,92,500,2211,222,150,122,1.00960233350405,65.7172503294327,"success"
"alpha1_23",0.143071393039168,0.190003419557065,-0.240972786897165,0.50636950609446,1.00098019694296,8178.01679391368,92,500,2211,222,150,122,1.00960233350405,65.7172503294327,"success"
"beta0_y",1.87989120784258,0.0681601503980182,1.74619462470777,2.0131395752669,1.00008628570865,2225.43254094877,93,500,2210,227,159,118,1.00821877271575,82.2940302507973,"success"
"beta1_y",0.512503643907267,0.0410010346456989,0.432783246937758,0.59220919750463,1.00821877271575,82.2940302507973,93,500,2210,227,159,118,1.00821877271575,82.2940302507973,"success"
"beta2_y",0.8693539066949,0.067957604232777,0.736865024212788,1.00316816019722,1.004932518255,1454.71664334191,93,500,2210,227,159,118,1.00821877271575,82.2940302507973,"success"
"sigma_b0",0.864115434872811,0.0633839313312708,0.740911678114704,0.990477982764954,1.00133506900213,1964.43848517437,93,500,2210,227,159,118,1.00821877271575,82.2940302507973,"success"
"sigma_b1",0.604620521954855,0.026257031786499,0.555519645260941,0.65806379259391,1.00044362150545,5562.49167718199,93,500,2210,227,159,118,1.00821877271575,82.2940302507973,"success"
"rho",0.269739592133747,0.0793392402101287,0.110827013804038,0.421063708476437,1.00068572319399,2994.0834296486,93,500,2210,227,159,118,1.00821877271575,82.2940302507973,"success"
"sigma_y",0.979490941924143,0.0180196302316726,0.944957550597767,1.01558969806785,1.00000881590842,12377.6987344808,93,500,2210,227,159,118,1.00821877271575,82.2940302507973,"success"
"lambda012",0.0743453718740357,0.00574406723961738,0.0634353454929226,0.0860060079465628,1.0002747966176,12477.1294693637,93,500,2210,227,159,118,1.00821877271575,82.2940302507973,"success"
"lambda013",0.0435513009334246,0.00448153692625561,0.0351518183403687,0.0526758525247924,1.00037727489626,15030.8769825495,93,500,2210,227,159,118,1.00821877271575,82.2940302507973,"success"
"lambda023",0.0985374015781722,0.0105973503480386,0.0786925852662799,0.120345029318675,1.00043920521522,10107.2149783532,93,500,2210,227,159,118,1.00821877271575,82.2940302507973,"success"
"gamma12",-0.527674053656038,0.0801764735501731,-0.68565253079688,-0.371995802608447,1.00103756010504,13934.5344645795,93,500,2210,227,159,118,1.00821877271575,82.2940302507973,"success"
"gamma13",0.792048384098731,0.0991082918781182,0.599146478045395,0.990230554098009,1.00012090698727,17201.9253895744,93,500,2210,227,159,118,1.00821877271575,82.2940302507973,"success"
"gamma23",0.277954544923063,0.110489200690696,0.0634607974868765,0.495090698538916,1.00020086944445,38132.2690781092,93,500,2210,227,159,118,1.00821877271575,82.2940302507973,"success"
"alpha0_12",0.522248068182174,0.127183928903607,0.282901089395583,0.78267121830147,1.00075340696296,4892.27278196714,93,500,2210,227,159,118,1.00821877271575,82.2940302507973,"success"
"alpha0_13",0.45007598193793,0.20401969668642,0.0604933379446829,0.8658656970856,1.00000192470941,1979.31662006786,93,500,2210,227,159,118,1.00821877271575,82.2940302507973,"success"
"alpha0_23",0.165107337506434,0.206044476302195,-0.241216802858691,0.569864751864013,1.00000812440721,3642.76470333598,93,500,2210,227,159,118,1.00821877271575,82.2940302507973,"success"
"alpha1_12",0.112203564956702,0.153475672554431,-0.193666002967435,0.407614151287787,1.00025089628928,7782.27386064995,93,500,2210,227,159,118,1.00821877271575,82.2940302507973,"success"
"alpha1_13",0.441138144000813,0.271684025453157,-0.112682395001596,0.95257193526565,1.00128605519024,1332.16667529887,93,500,2210,227,159,118,1.00821877271575,82.2940302507973,"success"
"alpha1_23",0.543325709040868,0.211710881377965,0.129310468135022,0.966169325144752,1.00054362971823,6121.4511213415,93,500,2210,227,159,118,1.00821877271575,82.2940302507973,"success"
"beta0_y",1.97235992250357,0.0661619819499957,1.84380833055343,2.10388707944851,1.00123853482992,2631.72785033135,94,500,2122,214,169,116,1.04117655284337,108.14119789377,"success"
"beta1_y",0.465924846995279,0.0362800724540054,0.398303994504867,0.543451502798058,1.04117655284337,108.14119789377,94,500,2122,214,169,116,1.04117655284337,108.14119789377,"success"
"beta2_y",0.973931520932897,0.064405468205054,0.845305564448038,1.09850760592585,1.00040095352671,1553.89818478667,94,500,2122,214,169,116,1.04117655284337,108.14119789377,"success"
"sigma_b0",0.87582324687031,0.0709540125003171,0.738986644731507,1.0188280365784,1.00039059747322,1098.13529967803,94,500,2122,214,169,116,1.04117655284337,108.14119789377,"success"
"sigma_b1",0.582449255948286,0.0248381745961774,0.536206616583333,0.633026880604333,1.00036183785625,7249.75229125239,94,500,2122,214,169,116,1.04117655284337,108.14119789377,"success"
"rho",0.402279432631948,0.0862785466230106,0.231247520835689,0.570286656895237,1.00083797720697,1289.98157000868,94,500,2122,214,169,116,1.04117655284337,108.14119789377,"success"
"sigma_y",1.03293538822355,0.019584011689962,0.995346160651701,1.07200409417153,1.0000724752569,7756.35665578269,94,500,2122,214,169,116,1.04117655284337,108.14119789377,"success"
"lambda012",0.0764361456196808,0.00581483635523739,0.0654768776544001,0.0883190177626771,1.00020310367149,22288.7276999304,94,500,2122,214,169,116,1.04117655284337,108.14119789377,"success"
"lambda013",0.0390600546290028,0.00507717826741542,0.0295423472252603,0.049412091491123,1.00098252147019,6188.86664003226,94,500,2122,214,169,116,1.04117655284337,108.14119789377,"success"
"lambda023",0.1173976376759,0.0146156260788986,0.0902808029423291,0.147816643164833,1.0012156624862,7185.6755482094,94,500,2122,214,169,116,1.04117655284337,108.14119789377,"success"
"gamma12",-0.565362974146481,0.0770777979240459,-0.715880083475506,-0.413986407253974,0.999994992390896,27160.890738287,94,500,2122,214,169,116,1.04117655284337,108.14119789377,"success"
"gamma13",0.87305937537833,0.116794131715149,0.650518387810276,1.10843941533244,1.00047980992264,5301.39471036081,94,500,2122,214,169,116,1.04117655284337,108.14119789377,"success"
"gamma23",0.503693508913524,0.128202775694266,0.261729008169854,0.765762943243451,1.00004691058525,6715.09416918653,94,500,2122,214,169,116,1.04117655284337,108.14119789377,"success"
"alpha0_12",0.370347217649075,0.153899912016411,0.081317385518147,0.68613069951625,1.00026706326519,3350.1847859194,94,500,2122,214,169,116,1.04117655284337,108.14119789377,"success"
"alpha0_13",1.20222025014593,0.243746746704247,0.764053927856541,1.72212746070347,1.00143777809239,1651.39704469816,94,500,2122,214,169,116,1.04117655284337,108.14119789377,"success"
"alpha0_23",1.13611585811837,0.325724435692375,0.575972946710597,1.85192020377681,1.00109675435321,1561.62892851303,94,500,2122,214,169,116,1.04117655284337,108.14119789377,"success"
"alpha1_12",-0.0859128440717951,0.18379966793395,-0.457736286188791,0.266105442883235,1.00009661697016,4918.09887248807,94,500,2122,214,169,116,1.04117655284337,108.14119789377,"success"
"alpha1_13",-0.252935666201686,0.282957080887752,-0.837854332848907,0.271733471470603,1.00591838137809,2118.68733736427,94,500,2122,214,169,116,1.04117655284337,108.14119789377,"success"
"alpha1_23",-0.341835494740969,0.313137817632709,-1.01650568180475,0.21286066801171,1.00135952428064,2016.24879925016,94,500,2122,214,169,116,1.04117655284337,108.14119789377,"success"
"beta0_y",1.91269759015403,0.0732767507824135,1.77071886777382,2.0563288014549,1.00010929667733,1912.83095589678,95,500,2276,230,137,130,1.05235651819239,92.3414996983082,"success"
"beta1_y",0.536384263730289,0.0416418484743441,0.461730274558626,0.623732350836561,1.05235651819239,92.3414996983082,95,500,2276,230,137,130,1.05235651819239,92.3414996983082,"success"
"beta2_y",1.00247969726232,0.0685704565367322,0.870491232619142,1.1416816654702,1.00621417312498,1070.44823579784,95,500,2276,230,137,130,1.05235651819239,92.3414996983082,"success"
"sigma_b0",1.02766874950817,0.0688794373337684,0.895242293073478,1.16600723736578,1.0042674408093,2049.42371947419,95,500,2276,230,137,130,1.05235651819239,92.3414996983082,"success"
"sigma_b1",0.625560880238269,0.0266100087551162,0.575462450198454,0.680231223092008,1.00093960864566,4676.86306465017,95,500,2276,230,137,130,1.05235651819239,92.3414996983082,"success"
"rho",0.382352048917298,0.0728104468366368,0.236476087857915,0.521513101349564,1.00225643500319,2392.30845485557,95,500,2276,230,137,130,1.05235651819239,92.3414996983082,"success"
"sigma_y",1.00413124555835,0.017985723944339,0.969781667429163,1.04028989337358,1.0001273121985,13618.3119428266,95,500,2276,230,137,130,1.05235651819239,92.3414996983082,"success"
"lambda012",0.0764587164635345,0.00582050562783067,0.0654767979139935,0.0882865878394219,1.00162491417282,8205.80873985212,95,500,2276,230,137,130,1.05235651819239,92.3414996983082,"success"
"lambda013",0.036450214331049,0.00432151702161998,0.0284284074914184,0.0452879030655403,1.00289080720703,8203.71642548087,95,500,2276,230,137,130,1.05235651819239,92.3414996983082,"success"
"lambda023",0.106739634145192,0.0113979454560233,0.0851720850613042,0.129837480969269,1.00141987491918,7579.6406964496,95,500,2276,230,137,130,1.05235651819239,92.3414996983082,"success"
"gamma12",-0.501051294698153,0.0746590002686452,-0.649549208137504,-0.356217550731297,1.00090704840541,10256.9106391701,95,500,2276,230,137,130,1.05235651819239,92.3414996983082,"success"
"gamma13",0.636828848507216,0.102428381809059,0.437877409544941,0.840244288717651,1.00064583553921,9411.37607583325,95,500,2276,230,137,130,1.05235651819239,92.3414996983082,"success"
"gamma23",0.461231743436239,0.100577824805422,0.267533878791034,0.662750467841048,1.00050539068003,17542.2260327679,95,500,2276,230,137,130,1.05235651819239,92.3414996983082,"success"
"alpha0_12",0.479046906815858,0.125780306249462,0.241603083099611,0.73692593847167,1.00142279160793,3483.32265397595,95,500,2276,230,137,130,1.05235651819239,92.3414996983082,"success"
"alpha0_13",0.693006992876324,0.16503878440771,0.378796363181171,1.02824160580292,1.00131942750627,3485.71207293166,95,500,2276,230,137,130,1.05235651819239,92.3414996983082,"success"
"alpha0_23",0.465983903514382,0.165587304509133,0.153210001197266,0.804240644402134,1.00019747598501,4152.07348364378,95,500,2276,230,137,130,1.05235651819239,92.3414996983082,"success"
"alpha1_12",0.188752333029838,0.154269692038977,-0.125351492901612,0.482788963435476,1.00020311718892,4147.89115118994,95,500,2276,230,137,130,1.05235651819239,92.3414996983082,"success"
"alpha1_13",0.403298350947194,0.225050497874667,-0.0574699680037043,0.829063910563655,1.00468443160669,3247.32989884682,95,500,2276,230,137,130,1.05235651819239,92.3414996983082,"success"
"alpha1_23",0.420769415129513,0.218067186019067,-0.018892609860768,0.839530493324367,1.00096285182693,5214.2219900995,95,500,2276,230,137,130,1.05235651819239,92.3414996983082,"success"
"beta0_y",2.14114793878992,0.0734188475355418,1.99974870247846,2.28607398158129,1.00074784730245,2168.90241388386,96,500,2171,213,175,107,1.0242108496027,113.50530647382,"success"
"beta1_y",0.452800995060308,0.0371425517092176,0.38264763312543,0.526071165087458,1.0242108496027,113.50530647382,96,500,2171,213,175,107,1.0242108496027,113.50530647382,"success"
"beta2_y",1.05172918887855,0.0731694587021061,0.909302670487729,1.19685805734825,1.00032918974089,1321.90889387717,96,500,2171,213,175,107,1.0242108496027,113.50530647382,"success"
"sigma_b0",1.05074479757373,0.0688324523833108,0.918936586366768,1.18966112972175,1.00002699124548,2645.304348939,96,500,2171,213,175,107,1.0242108496027,113.50530647382,"success"
"sigma_b1",0.57492374637574,0.0254977880785493,0.527503960459655,0.627123548026537,1.00083855399485,5822.46241440826,96,500,2171,213,175,107,1.0242108496027,113.50530647382,"success"
"rho",0.215205264461397,0.0797703403331286,0.0577850914763722,0.369586144230518,1.00044266656669,2954.65714469444,96,500,2171,213,175,107,1.0242108496027,113.50530647382,"success"
"sigma_y",1.01158544930354,0.0187832366320633,0.975517060649909,1.04940234125464,1.00000332674048,13522.5169724598,96,500,2171,213,175,107,1.0242108496027,113.50530647382,"success"
"lambda012",0.0742854099386721,0.00571405881658042,0.0634834875169571,0.085888501037818,1.00004742465164,20135.7203362102,96,500,2171,213,175,107,1.0242108496027,113.50530647382,"success"
"lambda013",0.0488960279620092,0.00523130644629722,0.039089202806739,0.0596088850282245,1.00010627553354,10170.4353115387,96,500,2171,213,175,107,1.0242108496027,113.50530647382,"success"
"lambda023",0.0995577872225615,0.010665755697975,0.0797864129471413,0.121512287441613,1.00039503649807,14886.5604703285,96,500,2171,213,175,107,1.0242108496027,113.50530647382,"success"
"gamma12",-0.426587514205347,0.0806917591703601,-0.583538542812738,-0.268254885341892,0.999990377818021,27830.25128402,96,500,2171,213,175,107,1.0242108496027,113.50530647382,"success"
"gamma13",0.808729942768102,0.0965519292682144,0.620853287862534,0.999829224724687,0.99999523795412,7479.48805253841,96,500,2171,213,175,107,1.0242108496027,113.50530647382,"success"
"gamma23",0.4845367238613,0.128677768827856,0.234952070820599,0.740712565519662,1.00006938985201,28848.7063578443,96,500,2171,213,175,107,1.0242108496027,113.50530647382,"success"
"alpha0_12",0.171948153570027,0.108770738464268,-0.0407022923221762,0.387825760762941,1.00043494637156,6109.18055333237,96,500,2171,213,175,107,1.0242108496027,113.50530647382,"success"
"alpha0_13",0.746968791677135,0.1458460288774,0.474811610330446,1.05072611589565,1.00129486426033,2811.58044950313,96,500,2171,213,175,107,1.0242108496027,113.50530647382,"success"
"alpha0_23",0.33892500059986,0.145349817587227,0.0596006006498361,0.633881191596192,1.00031483852764,7085.88950389811,96,500,2171,213,175,107,1.0242108496027,113.50530647382,"success"
"alpha1_12",0.257319612976579,0.146151745725665,-0.0302966254531488,0.543820950518504,1.00014936677161,10050.7664152283,96,500,2171,213,175,107,1.0242108496027,113.50530647382,"success"
"alpha1_13",0.20403900375943,0.250619657094046,-0.295980715336407,0.688952889328609,1.00311925299954,1690.22403468173,96,500,2171,213,175,107,1.0242108496027,113.50530647382,"success"
"alpha1_23",0.54600706174624,0.210335585478457,0.131350527706849,0.955858470668616,1.00156309231184,10527.5391523353,96,500,2171,213,175,107,1.0242108496027,113.50530647382,"success"
"beta0_y",1.93552786166563,0.0702811000977174,1.7985993794301,2.07469161296577,1.00687827709497,1762.89683243952,97,500,2287,229,149,106,1.13549768765023,98.800470266832,"success"
"beta1_y",0.53096916102112,0.0378592230659979,0.460561159100868,0.609440204540932,1.13549768765023,98.800470266832,97,500,2287,229,149,106,1.13549768765023,98.800470266832,"success"
"beta2_y",1.15784627206686,0.0708190156673938,1.01898179645505,1.29646233578508,1.00013964063604,1206.47227493249,97,500,2287,229,149,106,1.13549768765023,98.800470266832,"success"
"sigma_b0",1.02741050963619,0.0642792719005517,0.904268052940967,1.15709301727987,1.00020565016188,2333.18354542214,97,500,2287,229,149,106,1.13549768765023,98.800470266832,"success"
"sigma_b1",0.578360150313828,0.0250952868978594,0.531193695233941,0.629823646557735,1.00132003612037,5625.66747524914,97,500,2287,229,149,106,1.13549768765023,98.800470266832,"success"
"rho",0.465214941381448,0.0713753877969823,0.321942743831355,0.600522911231379,1.00838181653255,2046.83488180787,97,500,2287,229,149,106,1.13549768765023,98.800470266832,"success"
"sigma_y",0.990628601210081,0.0178030028029329,0.956468435267906,1.02643169694818,1.00002984957269,12207.2100117607,97,500,2287,229,149,106,1.13549768765023,98.800470266832,"success"
"lambda012",0.0730262679633161,0.00562584407650584,0.0624467298454145,0.0843902800201669,1.00358555333162,12643.8937414722,97,500,2287,229,149,106,1.13549768765023,98.800470266832,"success"
"lambda013",0.0366039664316501,0.00447179475750132,0.028220016208579,0.0457296256092882,1.00458411071463,6818.0214252495,97,500,2287,229,149,106,1.13549768765023,98.800470266832,"success"
"lambda023",0.0873697824918823,0.0106287979355227,0.0675644791138528,0.10920791126731,1.00929178720581,6636.83325654859,97,500,2287,229,149,106,1.13549768765023,98.800470266832,"success"
"gamma12",-0.527480669345717,0.0795499126122061,-0.683586888361553,-0.371693297055102,1.0001578193406,18905.1311933071,97,500,2287,229,149,106,1.13549768765023,98.800470266832,"success"
"gamma13",1.02429463648598,0.113494816020633,0.807333091756973,1.25236124717778,1.00001414545476,7643.22635837603,97,500,2287,229,149,106,1.13549768765023,98.800470266832,"success"
"gamma23",0.526572658793978,0.119878323924764,0.294668487057385,0.766638934234716,1.00021747449629,19701.716041822,97,500,2287,229,149,106,1.13549768765023,98.800470266832,"success"
"alpha0_12",0.397436209523127,0.118977774962878,0.172916052862606,0.640062975594649,1.00027942436492,4373.93493946505,97,500,2287,229,149,106,1.13549768765023,98.800470266832,"success"
"alpha0_13",0.841759560303113,0.185099348351847,0.487582671184483,1.22158248849113,1.00046216114262,2320.68134021939,97,500,2287,229,149,106,1.13549768765023,98.800470266832,"success"
"alpha0_23",0.421089400165155,0.188959748202953,0.0578505356881324,0.802975074496515,1.00078150022546,3849.17426449808,97,500,2287,229,149,106,1.13549768765023,98.800470266832,"success"
"alpha1_12",0.0905088464375448,0.17465208952668,-0.265477973398966,0.422725679474692,1.00038045224472,5442.16131788548,97,500,2287,229,149,106,1.13549768765023,98.800470266832,"success"
"alpha1_13",0.112601793776379,0.287978312381976,-0.47268474547282,0.657970405023235,1.00180687807858,2146.85698103217,97,500,2287,229,149,106,1.13549768765023,98.800470266832,"success"
"alpha1_23",0.775823339574174,0.288390692405124,0.195620625539118,1.33089633690496,1.00275837139149,4953.05259719623,97,500,2287,229,149,106,1.13549768765023,98.800470266832,"success"
"beta0_y",2.02658656716957,0.0665901088205537,1.89781238663161,2.15837221519899,1.00028462307828,2122.2729324715,98,500,2305,246,131,128,1.00268019760324,87.1528468648505,"success"
"beta1_y",0.489607685304534,0.03873398599439,0.413544839714459,0.562991409631071,1.0006842502879,87.1528468648505,98,500,2305,246,131,128,1.00268019760324,87.1528468648505,"success"
"beta2_y",0.909856638639121,0.0649249919184804,0.784914550790327,1.03930109202736,1.00024641106558,1345.09731694285,98,500,2305,246,131,128,1.00268019760324,87.1528468648505,"success"
"sigma_b0",0.887535811642131,0.0664549704677342,0.76176031159634,1.02228153615235,1.00002393852283,1575.23791763008,98,500,2305,246,131,128,1.00268019760324,87.1528468648505,"success"
"sigma_b1",0.648231403670999,0.0283545132234484,0.595589727075369,0.706581013295965,1.00003970598506,3864.11838007111,98,500,2305,246,131,128,1.00268019760324,87.1528468648505,"success"
"rho",0.437173277243672,0.0731658157227212,0.289603769276312,0.575924013622538,1.00268019760324,2230.71840648577,98,500,2305,246,131,128,1.00268019760324,87.1528468648505,"success"
"sigma_y",0.990214557918248,0.0176341148870137,0.956251298290107,1.02537479072708,1.00003010470161,11497.5823088017,98,500,2305,246,131,128,1.00268019760324,87.1528468648505,"success"
"lambda012",0.0871809032429779,0.00657409089404218,0.0748431726424053,0.100598016299846,1.00021132015817,9789.65244280352,98,500,2305,246,131,128,1.00268019760324,87.1528468648505,"success"
"lambda013",0.0361969981821954,0.00457780032073705,0.027681807867239,0.0456416455567295,1.00029139228919,9218.42296851077,98,500,2305,246,131,128,1.00268019760324,87.1528468648505,"success"
"lambda023",0.0912518802702899,0.0101805814571846,0.0719088980191109,0.111715330226089,1.0000768294292,7990.55592527537,98,500,2305,246,131,128,1.00268019760324,87.1528468648505,"success"
"gamma12",-0.392583321298443,0.0755309633619385,-0.540470952409286,-0.24412910767914,1.00006411534637,9723.15051752253,98,500,2305,246,131,128,1.00268019760324,87.1528468648505,"success"
"gamma13",0.820900900915101,0.113800822869163,0.601560051818879,1.04948518397957,1.00002014272939,9244.63524033065,98,500,2305,246,131,128,1.00268019760324,87.1528468648505,"success"
"gamma23",0.425823138076462,0.100981295918819,0.228452769495755,0.624949679704154,1.00004955751566,17653.7096604884,98,500,2305,246,131,128,1.00268019760324,87.1528468648505,"success"
"alpha0_12",0.660565856432618,0.156179207024773,0.378668291737659,0.996019173470536,1.00028862645444,2829.44732662305,98,500,2305,246,131,128,1.00268019760324,87.1528468648505,"success"
"alpha0_13",0.926935656527871,0.222105153875825,0.506988108916615,1.38430613043501,1.00163782072962,2488.95373253462,98,500,2305,246,131,128,1.00268019760324,87.1528468648505,"success"
"alpha0_23",0.559605183569814,0.217934520826884,0.143053521683485,1.00467676411629,1.00087677348706,3406.68972363964,98,500,2305,246,131,128,1.00268019760324,87.1528468648505,"success"
"alpha1_12",0.0388875132684325,0.162566358114677,-0.298969761934374,0.344367674266243,1.00095949020755,3906.69970472287,98,500,2305,246,131,128,1.00268019760324,87.1528468648505,"success"
"alpha1_13",0.528971090896631,0.28517560325833,-0.0445443163820333,1.07743616866517,1.00155717284039,2159.75328055558,98,500,2305,246,131,128,1.00268019760324,87.1528468648505,"success"
"alpha1_23",0.381863148920663,0.211047445398507,-0.0431330074824292,0.789445774565463,1.00097100035979,4318.06578961065,98,500,2305,246,131,128,1.00268019760324,87.1528468648505,"success"
"beta0_y",2.04619649298155,0.0707405654803834,1.90930656303199,2.18770105402702,1.00283807203893,2053.58949406967,99,500,2163,233,156,118,1.08334689434179,85.7602093309136,"success"
"beta1_y",0.471755847523663,0.0411736291590079,0.398861265233695,0.551574493042426,1.08334689434179,85.7602093309136,99,500,2163,233,156,118,1.08334689434179,85.7602093309136,"success"
"beta2_y",0.965782583632011,0.0715210781020421,0.827001575826562,1.10869092660295,1.00038153517938,1270.52884599136,99,500,2163,233,156,118,1.08334689434179,85.7602093309136,"success"
"sigma_b0",1.03659076192085,0.0709699641800394,0.9009268086666,1.17875571291694,1.00063149651552,1664.24740011962,99,500,2163,233,156,118,1.08334689434179,85.7602093309136,"success"
"sigma_b1",0.589286272246835,0.0259785552328804,0.540848702823155,0.642407116874981,1.00039493102448,7801.13647261287,99,500,2163,233,156,118,1.08334689434179,85.7602093309136,"success"
"rho",0.287666731396937,0.0842896461956685,0.121416073846239,0.448969010873066,1.00620864426233,1817.71888551656,99,500,2163,233,156,118,1.08334689434179,85.7602093309136,"success"
"sigma_y",0.979594871544317,0.0180877919355638,0.944794725285052,1.01553752062429,1.00013871898426,12520.2508260485,99,500,2163,233,156,118,1.08334689434179,85.7602093309136,"success"
"lambda012",0.0888029667438833,0.00648001439899783,0.0766261124004481,0.102002110046894,1.00194479292953,15643.3169318689,99,500,2163,233,156,118,1.08334689434179,85.7602093309136,"success"
"lambda013",0.042179400674791,0.0053264356074459,0.0322839194772797,0.0530856189842165,1.00276334550395,7357.55703951845,99,500,2163,233,156,118,1.08334689434179,85.7602093309136,"success"
"lambda023",0.103865981468953,0.0127950084609449,0.0803715758641494,0.130624322188223,1.00201433003685,7072.19229189786,99,500,2163,233,156,118,1.08334689434179,85.7602093309136,"success"
"gamma12",-0.378641615014209,0.0791615511349712,-0.533440526442286,-0.223248590308508,1.00038903904315,20671.3091798045,99,500,2163,233,156,118,1.08334689434179,85.7602093309136,"success"
"gamma13",0.826782985259726,0.116994483640202,0.602384094002996,1.06201584309077,1.00096990403348,5550.72071783772,99,500,2163,233,156,118,1.08334689434179,85.7602093309136,"success"
"gamma23",0.499847237418312,0.12752661306683,0.255267358590075,0.75749610221049,1.00085958091672,7483.53573740001,99,500,2163,233,156,118,1.08334689434179,85.7602093309136,"success"
"alpha0_12",0.395355832357262,0.102877137991272,0.198802920706692,0.605291573150736,1.0000363425703,6018.32382772777,99,500,2163,233,156,118,1.08334689434179,85.7602093309136,"success"
"alpha0_13",1.07538803265808,0.165980153329072,0.767700680446655,1.4223118549233,1.00039994340867,2633.58521377849,99,500,2163,233,156,118,1.08334689434179,85.7602093309136,"success"
"alpha0_23",1.0362324924525,0.215925516678612,0.645504247407291,1.48933094448826,1.00128716190205,2775.95628144162,99,500,2163,233,156,118,1.08334689434179,85.7602093309136,"success"
"alpha1_12",0.0670919688580333,0.148229138455892,-0.229025656374999,0.349832617137059,1.00019309294581,8736.8056227136,99,500,2163,233,156,118,1.08334689434179,85.7602093309136,"success"
"alpha1_13",-0.0547115823567411,0.24700222244694,-0.553559114737969,0.414019417771336,1.00657908927122,2783.10752335153,99,500,2163,233,156,118,1.08334689434179,85.7602093309136,"success"
"alpha1_23",-0.0163204603593762,0.266074768242586,-0.560932207078284,0.48155542410369,1.00221333046696,4158.06915734141,99,500,2163,233,156,118,1.08334689434179,85.7602093309136,"success"
"beta0_y",1.96918448990428,0.0714877223948244,1.82978940589821,2.10886614445778,1.00432454933426,2124.62966964057,100,500,2171,232,158,107,1.02183123910023,92.3957185092203,"success"
"beta1_y",0.555675501596077,0.0378900258367574,0.479952765556832,0.633826010439524,1.02183123910023,92.3957185092203,100,500,2171,232,158,107,1.02183123910023,92.3957185092203,"success"
"beta2_y",1.05787983095395,0.0675582593603937,0.92423528193166,1.19069086678472,1.00364686149483,1279.74612366054,100,500,2171,232,158,107,1.02183123910023,92.3957185092203,"success"
"sigma_b0",0.990784284430868,0.0652193265302819,0.864419710626779,1.12203656179671,1.00321328477728,2298.60508276036,100,500,2171,232,158,107,1.02183123910023,92.3957185092203,"success"
"sigma_b1",0.616181971969622,0.0279192724416319,0.5642149268044,0.673852071124954,1.00420474358199,4040.73772217168,100,500,2171,232,158,107,1.02183123910023,92.3957185092203,"success"
"rho",0.387548195604168,0.0737535952250765,0.239767823529057,0.528405730363223,1.00075597618799,2590.80387350305,100,500,2171,232,158,107,1.02183123910023,92.3957185092203,"success"
"sigma_y",0.97675322801169,0.0181764551245687,0.941939543019947,1.01304686971148,1.00001334501034,11939.7634872128,100,500,2171,232,158,107,1.02183123910023,92.3957185092203,"success"
"lambda012",0.0845653682707095,0.00621471951803943,0.0728218922579481,0.0971172555461091,1.00008048599228,12703.4218848507,100,500,2171,232,158,107,1.02183123910023,92.3957185092203,"success"
"lambda013",0.0409451816986098,0.00500875060593106,0.0316107209101333,0.0512256355867119,1.00028560879863,7881.72423799245,100,500,2171,232,158,107,1.02183123910023,92.3957185092203,"success"
"lambda023",0.0908581476543501,0.0104786488714497,0.0714403482943617,0.112561425848172,1.00046919191248,8077.35020062577,100,500,2171,232,158,107,1.02183123910023,92.3957185092203,"success"
"gamma12",-0.508713566562253,0.0730305711406043,-0.651542773292784,-0.365235459236642,1.00027883512978,26894.7569283203,100,500,2171,232,158,107,1.02183123910023,92.3957185092203,"success"
"gamma13",0.853513143247933,0.104328225365118,0.652808312257747,1.06199852145989,1.00096246611623,7524.57462578286,100,500,2171,232,158,107,1.02183123910023,92.3957185092203,"success"
"gamma23",0.560958654159426,0.124746319263903,0.320467568292085,0.809000526502675,1.00035989020159,15444.0344952807,100,500,2171,232,158,107,1.02183123910023,92.3957185092203,"success"
"alpha0_12",0.239003602752182,0.115188295951707,0.0142242791623227,0.465328605874564,1.00017000672356,5094.7365805743,100,500,2171,232,158,107,1.02183123910023,92.3957185092203,"success"
"alpha0_13",0.816330444435338,0.181584113528304,0.47822296436967,1.19751117639035,1.0050130423999,2254.69588815889,100,500,2171,232,158,107,1.02183123910023,92.3957185092203,"success"
"alpha0_23",0.552387656005929,0.175534308397575,0.221928414186229,0.911387382090921,1.00126697263988,5208.498926704,100,500,2171,232,158,107,1.02183123910023,92.3957185092203,"success"
"alpha1_12",0.329350519400154,0.153381027836241,0.0250918999791498,0.627933194032079,1.0002698329961,6682.85483330652,100,500,2171,232,158,107,1.02183123910023,92.3957185092203,"success"
"alpha1_13",0.36088620082419,0.255451906916984,-0.160301782550444,0.841654336905188,1.00817166500205,1803.80122076896,100,500,2171,232,158,107,1.02183123910023,92.3957185092203,"success"
"alpha1_23",0.594169596957912,0.213927358661751,0.15853894681577,1.00256802864935,1.00078108468285,6786.05605166362,100,500,2171,232,158,107,1.02183123910023,92.3957185092203,"success"
